,beta,W,Objective Value,Sum w
0,0.05,"[0.0, 0.0, 0.0, 0.0, 0.0, 0.0, 0.0, 0.0, 0.0, 0.0, 0.0, 0.0, 0.0, 0.0, 0.0, 0.0, 0.0, 0.0, 0.0, 0.0, 0.0, 0.0, 0.0, 0.0, 0.0, 0.0, 0.0, 0.0, 0.0, 0.0, 0.0, 0.0, 0.0, 0.0, 0.0, 0.0, 0.0, 0.0, 0.0, 0.0, 0.0, 0.0, 0.0, 0.0, 0.0, 0.0, 0.0, 0.0, 0.0, 0.0, 0.0, 0.0, 0.0, 0.0, 0.0, 0.0, 0.0, 0.0, 0.0, 0.0, 0.0, 0.0, 0.0, 0.0, 0.0, 0.0, 0.0, 0.0, 0.0, 0.0, 0.0, 0.0, 0.0, 0.0, 0.0, 0.0, 0.0, 0.0, 0.0, 0.0, 0.0, 0.0, 0.0, 0.0, 0.0, 0.0, 0.0, 0.0, 0.0, 0.0, 0.0, 0.0, 0.0, 0.0, 0.0, 0.0, 0.0, 0.0, 0.0, 0.0, 0.0, 0.0, 0.0, 0.0, 0.0, 0.0, 0.0, 0.0, 0.0, 0.0, 0.0, 0.0, 0.0, 0.0, 0.0, 0.0, 0.0, 0.0, 0.0, 0.0, 0.0, 0.0, 0.0, 0.0, 0.0, 0.0, 0.0, 0.0, 0.0, 0.0, 0.0, 0.0, 0.0, 0.0, 0.0, 0.0, 0.0, 0.0, 0.0, 0.0, 0.0, 0.0, 0.0, 0.0, 0.0, 0.0, 0.0, 0.0, 0.0, 0.0, 0.0, 0.0, 0.0, 0.0, 0.0, 0.0, 0.0, 0.0, 0.0, 0.0, 0.0, 0.0, 0.0, 0.0, 0.0, 0.0, 0.0, 0.0, 0.0, 0.0, 0.0, 0.0, 0.0, 0.0, 0.0, 0.0, 0.0, 0.0, 0.0, 0.0, 0.0, 0.0, 0.0, 0.0, 0.0, 0.0, 0.0, 0.0, 0.0, 0.78, 1.82, 3.5, 4.99, 4.61, 7.15, 5.27, 10.08, 8.71, 6.12, 7.15, 7.44, 4.22, 3.04, 3.43, 6.2, 5.61, 3.07, 3.28, 2.04, 0.59, 3.15, 5.55, 4.18, 2.12, 2.27, 3.6, 3.17, 2.6, 2.19, 0.0, 0.53, 3.04, 0.0, 0.0, 0.0, 0.0, 0.0, 0.0, 0.0, 0.0, 0.0, 0.0, 0.0, 0.0, 0.0, 0.0, 0.0, 0.0, 0.0, 0.0, 0.0, 0.0, 0.0, 0.0, 0.0, 0.0, 0.0, 0.0, 0.0, 0.0, 0.0, 0.0, 0.0, 0.0, 0.0, 0.0, 0.0, 0.0, 0.0, 0.0, 0.0, 0.0, 0.0, 0.0, 0.0, 0.0, 0.0, 0.0, 0.0, 0.0, 0.0, 0.0, 0.0, 0.0, 0.0, 0.0, 0.0, 0.0, 0.0, 0.0, 0.0, 0.0, 0.0, 0.0, 0.0, 0.0, 0.0, 0.0, 0.0, 0.0, 0.0, 0.0, 0.0, 0.0, 0.0, 0.0, 0.0, 0.0, 0.0, 0.0, 0.0, 0.0, 0.0, 0.0, 0.0, 0.0, 0.0, 0.0, 0.0, 0.0, 0.0, 0.0, 0.0, 0.0, 0.0, 0.0, 0.0, 0.0, 0.0, 0.0, 0.0, 0.0, 0.0, 0.0, 0.0, 0.0, 0.0, 0.0, 0.0, 0.0, 0.0, 0.0, 0.0, 0.0, 0.0, 0.0, 0.0, 0.0, 0.0, 0.0, 0.0, 0.0, 0.0, 0.0, 0.0, 0.0, 0.0, 0.0, 0.0, 0.0, 0.0, 0.0, 0.0, 0.0, 0.0, 0.0, 0.0, 0.0, 0.0, 0.0, 0.0, 0.0, 0.0, 0.0, 0.0, 0.0, 0.0, 0.0, 0.0, 0.0, 0.0, 0.0, 0.0, 0.0, 0.0, 0.0, 0.0, 0.0, 0.0, 0.0, 0.0, 0.0, 0.0, 0.0, 0.0, 0.0, 0.0, 0.0, 0.0, 0.0, 0.0, 0.0, 0.0, 0.0, 0.0, 0.0, 0.0, 0.0, 0.0, 0.0, 0.0, 0.0, 0.0, 0.0, 0.0, 0.0, 0.0, 0.0, 0.0, 0.0, 0.0, 0.0, 0.0, 0.0, 0.0, 0.0, 0.0, 0.0, 0.0, 0.0, 0.0, 0.0, 0.0, 0.0, 0.0, 0.0, 0.0, 0.0, 0.0, 0.0, 0.0, 0.0, 0.0, 0.0, 0.0, 0.0, 0.0, 0.0, 0.0, 0.0, 0.0, 0.0, 0.0, 0.0, 0.0, 0.0, 0.0, 0.0, 0.0, 0.0, 0.0, 0.0, 0.0, 0.0, 0.0, 0.0, 0.0, 0.0, 0.0, 0.0, 0.0, 0.0, 0.0, 0.0, 0.0, 0.0, 0.0, 0.0, 0.0, 0.0, 0.0, 0.0, 0.0, 0.0, 0.0, 0.0, 0.0, 0.0, 0.0, 0.0, 0.0, 0.0, 0.0, 0.0, 0.0, 0.0, 0.0, 0.0, 0.0, 0.0, 0.0, 0.0, 0.0, 0.0, 0.0, 0.0, 0.0, 0.0, 0.0, 0.0, 0.0, 0.0, 0.0, 0.0, 0.0, 0.0, 0.0, 0.0, 0.0, 0.0, 0.0, 0.0, 0.0, 0.0, 0.0, 0.0, 0.0, 0.0, 0.0, 0.0, 0.0, 0.0, 0.0, 0.0, 0.0, 0.0, 0.0, 0.0, 0.0, 0.0, 0.0, 0.0, 0.0, 0.0, 0.0, 0.0, 0.0, 0.0, 0.0, 0.0, 0.0, 0.0, 0.0, 0.0, 0.0, 0.0, 0.0, 0.0, 0.0, 0.0, 0.0, 0.0, 0.0, 0.0, 0.0, 0.0, 0.0, 0.0, 0.0, 0.0, 0.0, 0.0, 0.0, 0.0, 0.0, 0.0, 0.0, 0.0, 0.0, 0.0, 0.0, 0.0, 0.0, 0.0, 0.0, 0.0, 0.0, 0.0, 0.0, 0.0, 0.0, 0.0, 0.0, 0.0, 0.0, 0.0, 0.0, 0.0, 0.0, 0.0, 0.0, 0.0, 0.0, 0.0, 0.0, 0.0, 0.0, 0.0, 0.0, 0.0, 0.0, 0.0, 0.0, 0.0, 0.0, 0.0, 0.0, 0.0, 0.0, 0.0, 0.0, 0.0, 0.0, 0.0, 0.0, 0.0, 0.0, 0.0, 0.0, 0.0, 0.0, 0.0, 0.0, 0.0, 0.0, 0.0, 0.0, 0.0, 0.0, 0.0, 0.0, 0.0, 0.0, 0.0, 0.0, 0.0, 0.0, 0.0, 0.0, 0.0, 0.0, 0.0, 0.0, 0.0, 0.0, 0.0, 0.0, 0.0, 0.0, 0.0, 0.0, 0.0, 0.0, 0.0, 0.0]",7.529999999999999,131.5
1,0.1,"[0.0, 0.0, 0.0, 0.0, 0.0, 0.0, 0.0, 0.0, 0.0, 0.0, 0.0, 0.0, 0.0, 0.0, 0.0, 0.0, 0.0, 0.0, 0.0, 0.0, 0.0, 0.0, 0.0, 0.21, 0.0, 0.0, 0.0, 0.0, 0.0, 0.0, 0.0, 0.0, 0.0, 0.0, 0.0, 0.0, 0.0, 0.0, 0.0, 0.0, 0.0, 0.0, 0.0, 0.0, 0.0, 0.0, 0.0, 0.0, 0.0, 0.0, 0.0, 0.0, 0.0, 0.0, 0.0, 0.0, 0.0, 0.0, 0.0, 0.0, 0.0, 0.0, 0.0, 0.0, 0.0, 0.0, 0.0, 0.0, 0.0, 0.0, 0.0, 0.0, 0.0, 0.0, 0.0, 0.0, 0.0, 0.0, 0.0, 0.0, 0.0, 0.0, 0.0, 0.0, 0.0, 0.0, 0.0, 0.0, 0.0, 0.0, 0.0, 0.0, 0.0, 0.0, 0.0, 0.0, 0.0, 0.0, 0.0, 0.0, 0.0, 0.0, 0.0, 0.0, 0.0, 0.0, 0.0, 0.0, 0.0, 0.0, 0.0, 0.0, 0.0, 0.0, 0.0, 0.0, 0.0, 0.0, 0.0, 0.0, 0.0, 0.0, 0.0, 0.0, 0.0, 0.0, 0.0, 0.0, 0.0, 0.0, 0.0, 0.0, 0.0, 0.0, 0.0, 0.0, 0.0, 0.0, 0.0, 0.0, 0.0, 0.0, 0.23, 0.0, 0.0, 0.0, 0.05, 0.24, 0.42, 0.69, 1.34, 0.39, 0.0, 0.0, 0.0, 0.0, 0.0, 0.0, 0.0, 0.0, 0.38, 0.0, 0.0, 0.0, 0.0, 0.0, 0.0, 0.0, 0.0, 0.0, 0.0, 0.0, 0.0, 0.0, 0.46, 2.88, 3.87, 5.44, 4.31, 1.7, 1.68, 3.58, 3.52, 4.28, 4.98, 4.49, 4.65, 4.24, 8.98, 10.08, 11.12, 12.8, 14.29, 13.91, 16.45, 14.57, 19.38, 18.01, 15.42, 16.45, 16.74, 13.52, 12.34, 12.73, 15.5, 14.91, 12.37, 12.58, 11.34, 9.89, 12.45, 14.85, 13.48, 11.42, 11.57, 12.9, 12.47, 11.9, 11.49, 9.3, 9.83, 12.34, 8.48, 8.57, 6.3, 5.07, 1.79, 2.65, 2.45, 0.0, 0.0, 0.0, 0.0, 0.0, 0.0, 0.0, 0.0, 0.0, 0.0, 0.0, 0.0, 0.0, 0.0, 0.0, 0.0, 0.0, 0.0, 0.0, 0.0, 0.0, 0.0, 0.0, 0.0, 0.0, 0.0, 0.0, 0.0, 0.0, 0.0, 0.0, 0.0, 0.0, 0.0, 0.0, 0.0, 0.0, 0.0, 0.0, 0.0, 0.0, 0.0, 0.0, 0.0, 0.0, 0.0, 0.0, 0.0, 0.0, 0.0, 0.0, 0.0, 0.0, 0.0, 0.0, 0.0, 0.0, 0.0, 0.0, 0.0, 0.0, 0.0, 0.0, 0.0, 0.0, 0.0, 0.0, 0.0, 0.0, 0.0, 0.0, 0.0, 0.0, 0.0, 0.0, 0.0, 0.0, 0.0, 0.0, 0.0, 0.0, 0.0, 0.0, 0.0, 0.0, 0.0, 0.0, 0.0, 0.0, 0.0, 0.0, 0.0, 0.0, 0.0, 0.0, 0.0, 0.0, 0.0, 0.0, 0.0, 0.0, 0.0, 0.0, 0.0, 0.0, 0.0, 0.0, 0.0, 0.0, 0.0, 0.0, 0.0, 0.0, 0.0, 0.0, 0.0, 0.0, 0.0, 0.0, 0.0, 0.0, 0.0, 0.0, 0.0, 0.0, 0.0, 0.0, 0.0, 0.0, 0.0, 0.0, 0.0, 0.0, 0.0, 0.0, 0.0, 0.0, 0.0, 0.0, 0.0, 0.0, 0.0, 0.0, 0.0, 0.0, 0.0, 0.0, 0.0, 0.0, 0.0, 0.0, 0.0, 0.0, 0.0, 0.0, 0.0, 0.0, 0.0, 0.0, 0.0, 0.0, 0.0, 0.0, 0.0, 0.0, 0.0, 0.0, 0.0, 0.0, 0.0, 0.0, 0.0, 0.0, 0.0, 0.0, 0.0, 0.0, 0.0, 0.0, 0.0, 0.0, 0.0, 0.0, 0.0, 0.0, 0.0, 0.0, 0.0, 0.0, 0.0, 0.0, 0.0, 0.0, 0.0, 0.0, 0.0, 0.0, 0.0, 0.0, 0.0, 0.0, 0.0, 0.0, 0.0, 0.0, 0.0, 0.0, 0.0, 0.0, 0.0, 0.0, 0.0, 0.0, 0.0, 0.0, 0.0, 0.0, 0.0, 0.0, 0.0, 0.0, 0.0, 0.0, 0.0, 0.0, 0.0, 0.0, 0.0, 0.0, 0.0, 0.0, 0.0, 0.0, 0.0, 0.0, 0.0, 0.0, 0.0, 0.0, 0.0, 0.0, 0.0, 0.0, 0.0, 0.0, 0.0, 0.0, 0.0, 0.0, 0.0, 0.0, 0.0, 0.0, 0.0, 0.0, 0.0, 0.0, 0.0, 0.0, 0.0, 0.0, 0.0, 0.0, 0.0, 0.0, 0.0, 0.0, 0.0, 0.0, 0.0, 0.0, 0.0, 0.0, 0.0, 0.0, 0.0, 0.0, 0.0, 0.0, 0.0, 0.0, 0.0, 0.0, 0.0, 0.0, 0.0, 0.0, 0.0, 0.0, 0.0, 0.0, 0.0, 0.0, 0.0, 0.0, 0.0, 0.0, 0.0, 0.0, 0.0, 0.0, 0.0, 0.0, 0.0, 0.0, 0.0, 0.0, 0.0, 0.0, 0.0, 0.0, 0.0, 0.0, 0.0, 0.0, 0.0, 0.0, 0.0, 0.0, 0.0, 0.0, 0.0, 0.0, 0.0, 0.0, 0.0, 0.0, 0.0, 0.0, 0.0, 0.0, 0.0, 0.0, 0.0, 0.0, 0.0, 0.0, 0.0, 0.0, 0.0, 0.0, 0.0, 0.0, 0.0, 0.0, 0.0, 0.0, 0.0, 0.0, 0.0, 0.0, 0.0, 0.0, 0.0, 0.0, 0.0, 0.0, 0.0, 0.0, 0.0, 0.0, 0.0, 0.0, 0.0, 0.0, 0.0, 0.0, 0.0, 0.0, 0.0, 0.0, 0.0, 0.0, 0.0, 0.0, 0.0, 0.0, 0.0, 0.0, 0.0, 0.0, 0.0, 0.0, 0.0, 0.0, 0.0, 0.0, 0.0, 0.0, 0.0, 0.0, 0.0, 0.0, 0.0, 0.0, 0.0, 0.0, 0.0, 0.0, 0.0, 0.0, 0.0, 0.0, 0.0, 0.0, 0.0, 0.0, 0.0, 0.0, 0.0, 0.0, 0.0, 0.0, 0.0, 0.0, 0.0, 0.0, 0.0, 0.0, 0.0, 0.0, 0.0, 0.0, 0.0, 0.0, 0.0]",7.529999999999999,536.72
2,0.15,"[0.0, 0.0, 0.0, 0.0, 0.0, 0.0, 0.0, 0.0, 0.0, 0.0, 0.0, 0.0, 0.0, 0.0, 0.25, 0.89, 0.77, 0.25, 0.76, 1.09, 1.69, 3.16, 3.13, 3.37, 2.67, 1.4, 0.0, 0.0, 0.0, 0.0, 0.0, 0.0, 0.0, 0.71, 1.04, 1.25, 0.06, 0.0, 0.0, 0.0, 0.0, 0.0, 0.0, 0.0, 0.0, 0.0, 0.0, 0.0, 0.0, 0.0, 0.0, 0.0, 0.0, 0.0, 0.0, 0.0, 0.0, 0.0, 0.0, 0.0, 0.0, 0.0, 0.0, 0.0, 0.0, 0.0, 0.0, 0.0, 0.0, 0.0, 0.0, 0.0, 0.0, 0.0, 0.0, 0.0, 0.0, 0.0, 0.0, 0.0, 0.0, 0.0, 0.0, 0.0, 0.0, 0.0, 0.0, 0.0, 0.0, 0.0, 0.0, 0.0, 0.0, 0.0, 0.0, 0.0, 0.0, 0.0, 0.0, 0.0, 0.0, 0.0, 0.0, 0.0, 0.0, 0.0, 0.0, 0.0, 0.0, 0.0, 0.0, 0.0, 0.0, 0.0, 0.0, 0.0, 0.0, 0.0, 0.0, 0.0, 0.0, 0.0, 0.0, 0.0, 0.0, 0.0, 0.0, 0.0, 0.0, 0.0, 0.0, 0.0, 0.0, 0.0, 0.0, 0.0, 0.0, 0.0, 0.77, 0.0, 1.28, 1.17, 3.39, 1.42, 2.6, 2.62, 3.21, 3.4, 3.58, 3.85, 4.5, 3.55, 0.0, 0.0, 1.81, 0.73, 0.12, 1.01, 2.27, 3.16, 3.54, 0.0, 0.92, 0.56, 1.64, 0.0, 0.0, 0.0, 0.0, 0.0, 0.0, 0.0, 0.0, 0.61, 3.62, 6.04, 7.03, 8.6, 7.47, 4.86, 4.84, 6.74, 6.68, 7.44, 8.14, 7.65, 7.81, 7.4, 12.14, 13.24, 14.28, 15.96, 17.45, 17.07, 19.61, 17.73, 22.54, 21.17, 18.58, 19.61, 19.9, 16.68, 15.5, 15.89, 18.66, 18.07, 15.53, 15.74, 14.5, 13.05, 15.61, 18.01, 16.64, 14.58, 14.73, 16.06, 15.63, 15.06, 14.65, 12.46, 12.99, 15.5, 11.64, 11.73, 9.46, 8.23, 4.95, 5.81, 5.61, 2.59, 1.45, 0.0, 0.0, 0.0, 0.0, 0.0, 0.0, 0.0, 0.0, 0.0, 0.0, 0.0, 0.0, 0.0, 0.0, 0.0, 0.0, 0.0, 0.0, 0.0, 0.0, 0.0, 0.0, 0.0, 0.0, 0.0, 0.0, 0.0, 0.0, 0.0, 0.0, 0.0, 0.0, 0.0, 0.0, 0.0, 0.0, 0.0, 0.0, 0.0, 0.0, 0.0, 0.0, 0.0, 0.0, 0.0, 0.0, 0.0, 0.0, 0.0, 0.0, 0.0, 0.0, 0.0, 0.0, 0.0, 0.0, 0.0, 0.0, 0.0, 0.0, 0.0, 0.0, 0.0, 0.0, 0.0, 0.0, 0.0, 0.0, 0.0, 0.0, 0.0, 0.0, 0.0, 0.0, 0.0, 0.0, 0.0, 0.0, 0.0, 0.0, 0.0, 0.0, 0.0, 0.0, 0.0, 0.0, 0.0, 0.0, 0.0, 0.0, 0.0, 0.0, 0.0, 0.0, 0.0, 0.0, 0.0, 0.0, 0.0, 0.0, 0.0, 0.0, 0.0, 0.0, 0.0, 0.0, 0.0, 0.0, 0.0, 0.0, 0.0, 0.0, 0.0, 0.0, 0.0, 0.0, 0.0, 0.0, 0.0, 0.0, 0.0, 0.0, 0.0, 0.0, 0.0, 0.0, 0.0, 0.0, 0.0, 0.0, 0.0, 0.0, 0.0, 0.0, 0.0, 0.0, 0.0, 0.0, 0.0, 0.0, 0.0, 0.0, 0.0, 0.0, 0.0, 0.0, 0.0, 0.0, 0.0, 0.0, 0.0, 0.0, 0.0, 0.0, 0.0, 0.0, 0.0, 0.0, 0.0, 0.0, 0.0, 0.0, 0.0, 0.0, 0.0, 0.0, 0.0, 0.0, 0.0, 0.0, 0.0, 0.0, 0.0, 0.0, 0.0, 0.0, 0.0, 0.0, 0.0, 0.0, 0.0, 0.0, 0.0, 0.0, 0.0, 0.0, 0.0, 0.0, 0.0, 0.0, 0.0, 0.0, 0.0, 0.0, 0.0, 0.0, 0.0, 0.0, 0.0, 0.0, 0.0, 0.0, 0.0, 0.0, 0.0, 0.0, 0.0, 0.0, 0.0, 0.0, 0.0, 0.0, 0.0, 0.0, 0.0, 0.0, 0.0, 0.0, 0.0, 0.0, 0.0, 0.0, 0.0, 0.0, 0.0, 0.0, 0.0, 0.0, 0.0, 0.0, 0.0, 0.0, 0.0, 0.0, 0.0, 0.0, 0.0, 0.0, 0.0, 0.0, 0.0, 0.0, 0.0, 0.0, 0.0, 0.0, 0.0, 0.0, 0.0, 0.0, 0.0, 0.0, 0.0, 0.0, 0.0, 0.0, 0.0, 0.0, 0.0, 0.0, 0.0, 0.0, 0.0, 0.0, 0.0, 0.0, 0.0, 0.0, 0.0, 0.0, 0.0, 0.0, 0.0, 0.0, 0.0, 0.0, 0.0, 0.0, 0.0, 0.0, 0.0, 0.0, 0.0, 0.0, 0.0, 0.0, 0.0, 0.0, 0.0, 0.0, 0.0, 0.0, 0.0, 0.0, 0.0, 0.0, 0.0, 0.0, 0.0, 0.0, 0.0, 0.0, 0.0, 0.0, 0.0, 0.0, 0.0, 0.0, 0.0, 0.0, 0.0, 0.0, 0.0, 0.0, 0.0, 0.0, 0.0, 0.0, 0.0, 0.0, 0.0, 0.0, 0.0, 0.0, 0.0, 0.0, 0.0, 0.0, 0.0, 0.0, 0.0, 0.0, 0.0, 0.0, 0.0, 0.0, 0.0, 0.0, 0.0, 0.0, 0.0, 0.0, 0.0, 0.0, 0.0, 0.0, 0.0, 0.0, 0.0, 0.0, 0.0, 0.0, 0.0, 0.0, 0.0, 0.0, 0.0, 0.0, 0.0, 0.0, 0.0, 0.0, 0.0, 0.0, 0.0, 0.0, 0.0, 0.0, 0.0, 0.0, 0.0, 0.0, 0.0, 0.0, 0.0, 0.0, 0.0, 0.0, 0.0, 0.0, 0.0, 0.0, 0.0, 0.0, 0.0, 0.0, 0.0, 0.0, 0.0, 0.0, 0.0, 0.0, 0.0, 0.0, 0.0, 0.0, 0.0, 0.0, 0.0, 0.0, 0.0, 0.0, 0.0, 0.0, 0.0, 0.0, 0.0, 0.0, 0.0, 0.0, 0.0, 0.0, 0.0, 0.0, 0.0, 0.0, 0.0, 0.0, 0.0, 0.0, 0.0, 0.0, 0.0, 0.0]",7.529999999999999,784.81
3,0.2,"[0.0, 0.0, 0.0, 0.0, 0.0, 0.26, 0.05, 0.0, 0.0, 0.0, 0.0, 0.0, 1.38, 1.27, 2.31, 2.95, 2.83, 2.31, 2.82, 3.15, 3.75, 5.22, 5.19, 5.43, 4.73, 3.46, 0.8, 0.0, 0.0, 0.0, 0.26, 1.4, 1.52, 2.77, 3.1, 3.31, 2.12, 1.21, 0.0, 0.0, 0.0, 0.0, 0.0, 1.04, 1.57, 0.93, 0.11, 0.16, 0.1, 0.26, 1.13, 0.0, 0.0, 0.0, 0.0, 0.0, 0.0, 0.0, 0.0, 0.0, 0.0, 0.0, 0.0, 0.0, 0.0, 0.0, 0.0, 0.0, 0.0, 0.0, 0.0, 0.0, 0.0, 0.0, 0.0, 0.0, 0.0, 0.0, 0.0, 0.0, 0.0, 0.0, 0.0, 0.0, 0.0, 0.0, 0.0, 0.0, 0.0, 0.0, 0.0, 0.0, 0.0, 0.0, 0.0, 0.0, 0.0, 0.0, 0.0, 0.0, 0.0, 0.0, 0.0, 0.0, 0.57, 0.0, 0.0, 0.0, 0.0, 0.0, 0.0, 0.0, 0.0, 0.0, 0.0, 0.0, 0.0, 0.0, 0.0, 0.04, 0.19, 0.0, 0.0, 0.0, 0.0, 0.0, 0.0, 0.0, 0.0, 0.0, 0.0, 0.0, 0.0, 0.0, 0.0, 0.0, 0.66, 2.06, 2.83, 1.07, 3.34, 3.23, 5.45, 3.48, 4.66, 4.68, 5.27, 5.46, 5.64, 5.91, 6.56, 5.61, 2.06, 1.61, 3.87, 2.79, 2.18, 3.07, 4.33, 5.22, 5.6, 1.55, 2.98, 2.62, 3.7, 1.93, 1.51, 1.88, 1.96, 0.0, 0.0, 1.68, 1.65, 2.67, 5.68, 8.1, 9.09, 10.66, 9.53, 6.92, 6.9, 8.8, 8.74, 9.5, 10.2, 9.71, 9.87, 9.46, 14.2, 15.3, 16.34, 18.02, 19.51, 19.13, 21.67, 19.79, 24.6, 23.23, 20.64, 21.67, 21.96, 18.74, 17.56, 17.95, 20.72, 20.13, 17.59, 17.8, 16.56, 15.11, 17.67, 20.07, 18.7, 16.64, 16.79, 18.12, 17.69, 17.12, 16.71, 14.52, 15.05, 17.56, 13.7, 13.79, 11.52, 10.29, 7.01, 7.87, 7.67, 4.65, 3.51, 0.0, 0.0, 0.0, 0.0, 0.0, 0.0, 0.0, 0.0, 0.0, 0.0, 0.0, 0.0, 0.0, 0.0, 0.0, 0.0, 0.0, 0.0, 0.0, 0.0, 0.0, 0.0, 0.0, 0.0, 0.0, 0.0, 0.0, 0.0, 0.0, 0.0, 0.0, 0.0, 0.0, 0.0, 0.0, 0.0, 0.0, 0.0, 0.0, 0.0, 0.0, 0.0, 0.0, 0.0, 0.0, 0.0, 0.0, 0.0, 0.0, 0.0, 0.0, 0.0, 0.0, 0.0, 0.0, 0.0, 0.0, 0.0, 0.0, 0.0, 0.0, 0.0, 0.0, 0.0, 0.0, 0.0, 0.0, 0.0, 0.0, 0.0, 0.0, 0.0, 0.0, 0.0, 0.0, 0.0, 0.0, 0.0, 0.0, 0.0, 0.0, 0.0, 0.0, 0.0, 0.0, 0.0, 0.0, 0.0, 0.0, 0.0, 0.0, 0.0, 0.0, 0.0, 0.0, 0.0, 0.0, 0.0, 0.0, 0.0, 0.0, 0.0, 0.0, 0.0, 0.0, 0.0, 0.0, 0.0, 0.0, 0.0, 0.0, 0.0, 0.0, 0.0, 0.0, 0.0, 0.0, 0.0, 0.0, 0.0, 0.0, 0.0, 0.0, 0.0, 0.0, 0.0, 0.0, 0.0, 0.0, 0.0, 0.0, 0.0, 0.0, 0.0, 0.0, 0.0, 0.0, 0.0, 0.0, 0.0, 0.0, 0.0, 0.0, 0.0, 0.0, 0.0, 0.0, 0.0, 0.0, 0.0, 0.0, 0.0, 0.0, 0.0, 0.0, 0.0, 0.0, 0.0, 0.0, 0.0, 0.0, 0.0, 0.0, 0.0, 0.0, 0.0, 0.0, 0.0, 0.0, 0.0, 0.0, 0.0, 0.0, 0.0, 0.0, 0.0, 0.0, 0.0, 0.0, 0.0, 0.0, 0.0, 0.0, 0.0, 0.0, 0.0, 0.0, 0.0, 0.0, 0.0, 0.0, 0.0, 0.0, 0.0, 0.0, 0.0, 0.0, 0.0, 0.0, 0.0, 0.0, 0.0, 0.0, 0.0, 0.0, 0.0, 0.0, 0.0, 0.0, 0.0, 0.0, 0.0, 0.0, 0.0, 0.0, 0.0, 0.0, 0.0, 0.0, 0.0, 0.0, 0.0, 0.0, 0.0, 0.0, 0.0, 0.0, 0.0, 0.0, 0.0, 0.0, 0.0, 0.0, 0.0, 0.0, 0.0, 0.0, 0.0, 0.0, 0.0, 0.0, 0.0, 0.0, 0.0, 0.0, 0.0, 0.0, 0.0, 0.0, 0.0, 0.0, 0.0, 0.0, 0.0, 0.0, 0.0, 0.0, 0.0, 0.0, 0.0, 0.0, 0.0, 0.0, 0.0, 0.0, 0.0, 0.0, 0.0, 0.0, 0.0, 0.0, 0.0, 0.0, 0.0, 0.0, 0.0, 0.0, 0.0, 0.0, 0.0, 0.0, 0.0, 0.0, 0.0, 0.0, 0.0, 0.0, 0.0, 0.0, 0.0, 0.0, 0.0, 0.0, 0.0, 0.0, 0.0, 0.0, 0.0, 0.0, 0.0, 0.0, 0.0, 0.0, 0.0, 0.0, 0.0, 0.0, 0.0, 0.0, 0.0, 0.0, 0.0, 0.0, 0.0, 0.0, 0.0, 0.0, 0.0, 0.0, 0.0, 0.0, 0.0, 0.0, 0.0, 0.0, 0.0, 0.0, 0.0, 0.0, 0.0, 0.0, 0.0, 0.0, 0.0, 0.0, 0.0, 0.0, 0.0, 0.0, 0.0, 0.0, 0.0, 0.0, 0.0, 0.0, 0.0, 0.0, 0.0, 0.0, 0.0, 0.0, 0.0, 0.0, 0.0, 0.0, 0.0, 0.0, 0.0, 0.0, 0.0, 0.0, 0.0, 0.0, 0.0, 0.0, 0.0, 0.0, 0.0, 0.0, 0.0, 0.0, 0.0, 0.0, 0.0, 0.0, 0.0, 0.0, 0.0, 0.0, 0.0, 0.0, 0.0, 0.0, 0.0, 0.0, 0.0, 0.0, 0.0, 0.0, 0.0, 0.0, 0.0, 0.0, 0.0, 0.0, 0.0, 0.0, 0.0, 0.0, 0.0, 0.0, 0.0, 0.0, 0.0, 0.0, 0.0, 0.0, 0.0, 0.0, 0.0, 0.0, 0.0, 0.0, 0.0, 0.0, 0.0, 0.0, 0.0, 0.0, 0.0, 0.0, 0.0, 0.0, 0.0]",7.529999999999999,1018.5
4,0.25,"[1.35, 0.23, 1.18, 1.38, 1.67, 1.93, 1.72, 1.67, 0.97, 0.0, 0.03, 0.65, 3.05, 2.94, 3.98, 4.62, 4.5, 3.98, 4.49, 4.82, 5.42, 6.89, 6.86, 7.1, 6.4, 5.13, 2.47, 0.0, 0.0, 0.0, 1.93, 3.07, 3.19, 4.44, 4.77, 4.98, 3.79, 2.88, 1.67, 1.35, 1.02, 0.48, 1.66, 2.71, 3.24, 2.6, 1.78, 1.83, 1.77, 1.93, 2.8, 1.41, 0.62, 0.88, 0.78, 0.0, 0.0, 0.2, 0.0, 0.0, 0.1, 0.0, 0.0, 0.0, 0.0, 0.0, 0.0, 0.0, 0.0, 0.0, 0.0, 0.0, 0.0, 0.0, 0.0, 0.0, 0.0, 0.0, 0.0, 0.0, 0.0, 0.0, 0.0, 0.0, 0.0, 0.0, 0.0, 0.0, 0.0, 0.0, 0.0, 0.0, 0.0, 0.0, 0.0, 0.0, 0.0, 0.0, 0.0, 0.0, 0.0, 0.0, 1.63, 1.28, 2.24, 0.0, 0.0, 0.0, 0.0, 0.0, 0.0, 0.0, 0.0, 0.0, 0.0, 0.07, 0.0, 0.5, 1.12, 1.71, 1.86, 1.46, 0.89, 0.0, 0.0, 0.0, 0.0, 0.0, 0.0, 0.0, 0.0, 0.0, 0.0, 0.0, 0.0, 0.0, 2.33, 3.73, 4.5, 2.74, 5.01, 4.9, 7.12, 5.15, 6.33, 6.35, 6.94, 7.13, 7.31, 7.58, 8.23, 7.28, 3.73, 3.28, 5.54, 4.46, 3.85, 4.74, 6.0, 6.89, 7.27, 3.22, 4.65, 4.29, 5.37, 3.6, 3.18, 3.55, 3.63, 1.24, 0.0, 3.35, 3.32, 4.34, 7.35, 9.77, 10.76, 12.33, 11.2, 8.59, 8.57, 10.47, 10.41, 11.17, 11.87, 11.38, 11.54, 11.13, 15.87, 16.97, 18.01, 19.69, 21.18, 20.8, 23.34, 21.46, 26.27, 24.9, 22.31, 23.34, 23.63, 20.41, 19.23, 19.62, 22.39, 21.8, 19.26, 19.47, 18.23, 16.78, 19.34, 21.74, 20.37, 18.31, 18.46, 19.79, 19.36, 18.79, 18.38, 16.19, 16.72, 19.23, 15.37, 15.46, 13.19, 11.96, 8.68, 9.54, 9.34, 6.32, 5.18, 0.0, 0.25, 0.0, 0.0, 0.0, 0.0, 0.0, 0.0, 0.0, 0.0, 0.0, 0.0, 0.0, 0.0, 0.0, 0.0, 0.0, 0.0, 0.0, 0.0, 0.0, 0.0, 0.0, 0.0, 0.0, 0.0, 0.0, 0.0, 0.0, 0.0, 0.0, 0.0, 0.0, 0.0, 0.0, 0.0, 0.0, 0.0, 0.0, 0.0, 0.0, 0.0, 0.0, 0.0, 0.0, 0.0, 0.0, 0.0, 0.0, 0.0, 0.0, 0.0, 0.0, 0.0, 0.0, 0.0, 0.0, 0.0, 0.0, 0.0, 0.0, 0.0, 0.0, 0.0, 0.0, 0.0, 0.0, 0.0, 0.0, 0.0, 0.0, 0.0, 0.0, 0.0, 0.0, 0.0, 0.0, 0.0, 0.0, 0.0, 0.0, 0.0, 0.0, 0.0, 0.0, 0.0, 0.0, 0.0, 0.0, 0.0, 0.0, 0.0, 0.0, 0.0, 0.0, 0.0, 0.0, 0.0, 0.0, 0.0, 0.0, 0.0, 0.0, 0.0, 0.0, 0.0, 0.0, 0.0, 0.0, 0.0, 0.0, 0.0, 0.0, 0.0, 0.0, 0.0, 0.0, 0.0, 0.0, 0.0, 0.0, 0.0, 0.0, 0.0, 0.0, 0.0, 0.0, 0.0, 0.0, 0.0, 0.0, 0.0, 0.0, 0.0, 0.0, 0.0, 0.0, 0.0, 0.0, 0.0, 0.0, 0.0, 0.0, 0.0, 0.0, 0.0, 0.0, 0.0, 0.0, 0.0, 0.0, 0.0, 0.0, 0.0, 0.0, 0.0, 0.0, 0.0, 0.0, 0.0, 0.0, 0.0, 0.0, 0.0, 0.0, 0.0, 0.0, 0.0, 0.0, 0.0, 0.0, 0.0, 0.0, 0.0, 0.0, 0.0, 0.0, 0.0, 0.0, 0.0, 0.0, 0.0, 0.0, 0.0, 0.0, 0.0, 0.0, 0.0, 0.0, 0.0, 0.0, 0.0, 0.0, 0.0, 0.0, 0.0, 0.0, 0.0, 0.0, 0.0, 0.0, 0.0, 0.0, 0.0, 0.0, 0.0, 0.0, 0.0, 0.0, 0.0, 0.0, 0.0, 0.0, 0.0, 0.0, 0.0, 0.0, 0.0, 0.0, 0.0, 0.0, 0.0, 0.0, 0.0, 0.0, 0.0, 0.0, 0.0, 0.0, 0.0, 0.0, 0.0, 0.0, 0.0, 0.0, 0.0, 0.0, 0.0, 0.0, 0.0, 0.0, 0.0, 0.0, 0.0, 0.0, 0.0, 0.0, 0.0, 0.0, 0.0, 0.0, 0.0, 0.0, 0.0, 0.0, 0.0, 0.0, 0.0, 0.0, 0.0, 0.0, 0.0, 0.0, 0.0, 0.0, 0.0, 0.0, 0.0, 0.0, 0.0, 0.0, 0.0, 0.0, 0.0, 0.0, 0.0, 0.0, 0.0, 0.0, 0.0, 0.0, 0.0, 0.35, 0.0, 0.0, 0.63, 0.92, 0.65, 0.0, 0.01, 0.0, 0.0, 0.0, 0.0, 0.0, 0.0, 0.0, 0.0, 0.0, 0.0, 0.0, 0.0, 0.0, 0.0, 0.0, 0.0, 0.0, 0.0, 0.0, 0.0, 0.0, 0.0, 0.0, 0.0, 0.0, 0.0, 0.0, 0.0, 0.0, 0.0, 0.0, 0.0, 0.0, 0.0, 0.0, 0.0, 0.0, 0.0, 0.0, 0.0, 0.0, 0.0, 0.0, 0.0, 0.0, 0.0, 0.0, 0.0, 0.0, 0.0, 0.0, 0.0, 0.0, 0.0, 0.0, 0.0, 0.0, 0.0, 0.0, 0.0, 0.0, 0.0, 0.0, 0.0, 0.0, 0.0, 0.0, 0.0, 0.0, 0.0, 0.0, 0.0, 0.0, 0.0, 0.0, 0.0, 0.0, 0.0, 0.0, 0.0, 0.0, 0.0, 0.0, 0.0, 0.0, 0.0, 0.0, 0.0, 0.0, 0.0, 0.0, 0.0, 0.0, 0.0, 0.0, 0.0, 0.0, 0.0, 0.0, 0.0, 0.0, 0.0, 0.0, 0.0, 0.0, 0.0, 0.0, 0.0, 0.0, 0.0, 0.0, 0.0, 0.0, 0.0, 0.0, 0.0, 0.0, 0.0, 0.0, 0.0, 0.0, 0.0, 0.0, 0.0, 0.0, 0.0, 0.0, 0.0, 0.0, 0.0, 0.0, 0.0, 0.0, 0.0]",7.529999999999999,1264.23
5,0.3,"[3.26, 2.14, 3.09, 3.29, 3.58, 3.84, 3.63, 3.58, 2.88, 0.0, 1.94, 2.56, 4.96, 4.85, 5.89, 6.53, 6.41, 5.89, 6.4, 6.73, 7.33, 8.8, 8.77, 9.01, 8.31, 7.04, 4.38, 1.21, 0.0, 0.0, 3.84, 4.98, 5.1, 6.35, 6.68, 6.89, 5.7, 4.79, 3.58, 3.26, 2.93, 2.39, 3.57, 4.62, 5.15, 4.51, 3.69, 3.74, 3.68, 3.84, 4.71, 3.32, 2.53, 2.79, 2.69, 1.68, 1.58, 2.11, 0.79, 0.0, 2.01, 0.19, 0.0, 0.0, 0.0, 0.0, 0.0, 0.0, 0.0, 0.0, 0.0, 0.0, 0.0, 0.0, 0.0, 0.0, 0.0, 0.0, 0.0, 0.0, 0.0, 0.0, 0.0, 0.0, 0.0, 0.0, 0.0, 0.0, 0.0, 0.0, 0.0, 0.0, 0.0, 0.0, 0.0, 0.0, 0.0, 0.0, 0.0, 0.0, 0.0, 0.0, 3.54, 3.19, 4.15, 0.0, 0.0, 0.0, 0.0, 0.0, 0.0, 0.0, 0.0, 0.0, 0.0, 1.98, 1.86, 2.41, 3.03, 3.62, 3.77, 3.37, 2.8, 0.0, 0.0, 0.0, 0.0, 0.0, 0.0, 0.0, 0.0, 0.0, 0.0, 0.0, 0.0, 0.0, 4.24, 5.64, 6.41, 4.65, 6.92, 6.81, 9.03, 7.06, 8.24, 8.26, 8.85, 9.04, 9.22, 9.49, 10.14, 9.19, 5.64, 5.19, 7.45, 6.37, 5.76, 6.65, 7.91, 8.8, 9.18, 5.13, 6.56, 6.2, 7.28, 5.51, 5.09, 5.46, 5.54, 3.15, 1.91, 5.26, 5.23, 6.25, 9.26, 11.68, 12.67, 14.24, 13.11, 10.5, 10.48, 12.38, 12.32, 13.08, 13.78, 13.29, 13.45, 13.04, 17.78, 18.88, 19.92, 21.6, 23.09, 22.71, 25.25, 23.37, 28.18, 26.81, 24.22, 25.25, 25.54, 22.32, 21.14, 21.53, 24.3, 23.71, 21.17, 21.38, 20.14, 18.69, 21.25, 23.65, 22.28, 20.22, 20.37, 21.7, 21.27, 20.7, 20.29, 18.1, 18.63, 21.14, 17.28, 17.37, 15.1, 13.87, 10.59, 11.45, 11.25, 8.23, 7.09, 1.18, 2.16, 0.01, 0.0, 0.0, 0.0, 0.0, 0.0, 0.0, 0.0, 0.0, 0.0, 0.0, 0.0, 0.0, 0.0, 0.0, 0.0, 0.0, 0.0, 0.0, 0.0, 0.0, 0.0, 0.0, 0.0, 0.0, 0.0, 0.0, 0.0, 0.0, 0.0, 0.0, 0.0, 0.0, 0.0, 0.0, 0.0, 0.0, 0.0, 0.0, 0.0, 0.0, 0.0, 0.0, 0.0, 0.0, 0.0, 0.0, 0.0, 0.0, 0.0, 0.0, 0.0, 0.0, 0.0, 0.0, 0.0, 0.0, 0.0, 0.0, 0.0, 0.0, 0.0, 0.0, 0.0, 0.0, 0.0, 0.0, 0.0, 0.0, 0.0, 0.0, 0.0, 0.0, 0.0, 0.0, 0.0, 0.0, 0.0, 0.0, 0.0, 0.0, 0.0, 0.0, 0.0, 0.0, 0.0, 0.0, 0.0, 0.0, 0.0, 0.0, 0.0, 0.0, 0.0, 0.0, 0.0, 0.0, 0.0, 0.0, 0.0, 0.0, 0.0, 0.0, 0.0, 0.0, 0.0, 0.0, 0.0, 0.0, 0.0, 0.0, 0.0, 0.0, 0.0, 0.0, 0.0, 0.0, 0.0, 0.0, 0.0, 0.0, 0.0, 0.0, 0.0, 0.0, 0.0, 0.0, 0.0, 0.0, 0.0, 0.0, 0.0, 0.0, 0.0, 0.0, 0.0, 0.0, 0.0, 0.0, 0.0, 0.0, 0.0, 0.0, 0.0, 0.0, 0.0, 0.0, 0.0, 0.0, 0.0, 0.0, 0.0, 0.0, 0.0, 0.0, 0.0, 0.0, 0.0, 0.0, 0.0, 0.0, 0.0, 0.0, 0.0, 0.0, 0.0, 0.0, 0.0, 0.0, 0.0, 0.0, 0.0, 0.0, 0.0, 0.0, 0.0, 0.0, 0.0, 0.0, 0.0, 0.0, 0.0, 0.0, 0.0, 0.0, 0.0, 0.0, 0.0, 0.0, 0.0, 0.0, 0.0, 0.0, 0.0, 0.0, 0.0, 0.0, 0.0, 0.0, 0.0, 0.0, 0.0, 0.0, 0.0, 0.0, 0.0, 0.0, 0.0, 0.0, 0.0, 0.0, 0.0, 0.0, 0.0, 0.0, 0.0, 0.0, 0.0, 0.0, 0.0, 0.0, 0.0, 0.0, 0.0, 0.0, 0.0, 0.0, 0.0, 0.0, 0.0, 0.0, 0.0, 0.0, 0.2, 0.2, 0.0, 1.08, 0.73, 0.0, 0.0, 0.0, 0.0, 0.0, 0.0, 0.0, 0.0, 0.0, 0.0, 0.0, 0.0, 0.0, 0.17, 0.0, 0.0, 0.0, 0.0, 0.0, 0.0, 0.0, 0.0, 0.0, 0.27, 0.22, 0.0, 0.0, 0.38, 0.1, 0.0, 0.0, 0.0, 0.0, 0.0, 0.32, 0.71, 1.65, 1.09, 0.76, 0.8, 0.78, 0.99, 2.26, 1.42, 1.61, 2.54, 2.83, 2.56, 1.66, 1.92, 1.01, 0.96, 1.29, 0.71, 0.0, 0.0, 0.0, 0.0, 0.0, 0.0, 0.0, 0.0, 0.0, 0.0, 0.0, 0.0, 0.0, 0.0, 0.0, 0.0, 0.0, 0.0, 0.0, 0.0, 0.0, 0.0, 0.0, 0.0, 0.0, 0.0, 0.0, 0.0, 0.0, 0.0, 0.0, 0.0, 0.0, 0.0, 0.0, 0.0, 0.0, 0.0, 0.0, 0.0, 0.0, 0.0, 0.0, 0.0, 0.0, 0.0, 0.0, 0.0, 0.0, 0.0, 0.0, 0.0, 0.0, 0.0, 0.0, 0.0, 0.0, 0.0, 0.0, 0.0, 0.0, 0.0, 0.0, 0.0, 0.0, 0.0, 0.0, 0.0, 0.0, 0.0, 0.0, 0.0, 0.0, 0.0, 0.0, 0.0, 0.0, 0.0, 0.0, 0.0, 0.0, 0.0, 0.0, 0.0, 0.0, 0.0, 0.0, 0.0, 0.0, 0.0, 0.0, 0.0, 0.0, 0.0, 0.0, 0.0, 0.0, 0.0, 0.0, 0.0, 0.0, 0.0, 0.0, 0.0, 0.0, 0.0, 0.0, 0.0, 0.0, 0.0, 0.0, 0.0, 0.0, 0.0, 0.0, 0.0, 0.0, 0.0, 0.0, 0.0, 0.0, 0.0, 0.0, 0.0, 0.0, 0.0, 0.0, 0.0, 0.0, 0.0]",7.529999999999999,1605.08
6,0.35,"[5.51, 4.39, 5.34, 5.54, 5.83, 6.09, 5.88, 5.83, 5.13, 1.51, 4.19, 4.81, 7.21, 7.1, 8.14, 8.78, 8.66, 8.14, 8.65, 8.98, 9.58, 11.05, 11.02, 11.26, 10.56, 9.29, 6.63, 3.46, 1.76, 1.55, 6.09, 7.23, 7.35, 8.6, 8.93, 9.14, 7.95, 7.04, 5.83, 5.51, 5.18, 4.64, 5.82, 6.87, 7.4, 6.76, 5.94, 5.99, 5.93, 6.09, 6.96, 5.57, 4.78, 5.04, 4.94, 3.93, 3.83, 4.36, 3.04, 1.87, 4.26, 2.44, 0.0, 0.0, 0.0, 0.0, 0.0, 0.0, 0.0, 0.0, 0.0, 0.0, 0.0, 0.0, 0.0, 0.0, 0.0, 0.0, 0.0, 0.0, 0.0, 0.0, 0.0, 0.0, 0.0, 0.0, 0.0, 0.0, 0.0, 0.0, 0.0, 0.0, 0.0, 0.0, 0.0, 0.0, 0.0, 0.0, 0.0, 0.0, 0.0, 0.0, 5.79, 5.44, 6.4, 0.0, 0.0, 0.0, 0.0, 0.0, 0.0, 0.0, 0.0, 0.0, 0.0, 4.23, 4.11, 4.66, 5.28, 5.87, 6.02, 5.62, 5.05, 2.25, 1.46, 1.46, 1.5, 0.7, 0.0, 0.0, 0.0, 0.0, 0.0, 0.0, 0.0, 0.0, 6.49, 7.89, 8.66, 6.9, 9.17, 9.06, 11.28, 9.31, 10.49, 10.51, 11.1, 11.29, 11.47, 11.74, 12.39, 11.44, 7.89, 7.44, 9.7, 8.62, 8.01, 8.9, 10.16, 11.05, 11.43, 7.38, 8.81, 8.45, 9.53, 7.76, 7.34, 7.71, 7.79, 5.4, 4.16, 7.51, 7.48, 8.5, 11.51, 13.93, 14.92, 16.49, 15.36, 12.75, 12.73, 14.63, 14.57, 15.33, 16.03, 15.54, 15.7, 15.29, 20.03, 21.13, 22.17, 23.85, 25.34, 24.96, 27.5, 25.62, 30.43, 29.06, 26.47, 27.5, 27.79, 24.57, 23.39, 23.78, 26.55, 25.96, 23.42, 23.63, 22.39, 20.94, 23.5, 25.9, 24.53, 22.47, 22.62, 23.95, 23.52, 22.95, 22.54, 20.35, 20.88, 23.39, 19.53, 19.62, 17.35, 16.12, 12.84, 13.7, 13.5, 10.48, 9.34, 3.43, 4.41, 2.26, 0.0, 0.0, 0.0, 0.0, 0.0, 0.0, 0.0, 0.0, 0.0, 0.0, 0.0, 0.0, 0.0, 0.0, 0.0, 0.0, 0.0, 0.0, 0.0, 0.0, 0.0, 0.0, 0.0, 0.0, 0.0, 0.0, 0.0, 0.0, 0.0, 0.0, 0.0, 0.0, 0.0, 0.0, 0.0, 0.0, 0.0, 0.0, 0.0, 0.0, 0.0, 0.0, 0.0, 0.0, 0.0, 0.0, 0.0, 0.0, 0.0, 0.0, 0.0, 0.0, 0.0, 0.0, 0.0, 0.0, 0.0, 0.0, 0.0, 0.0, 0.0, 0.0, 0.0, 0.0, 0.0, 0.0, 0.0, 0.0, 0.0, 0.0, 0.0, 0.0, 0.0, 0.0, 0.0, 0.0, 0.0, 0.0, 0.0, 0.0, 0.0, 0.0, 0.0, 0.0, 0.0, 0.0, 0.0, 0.0, 0.0, 0.0, 0.0, 0.0, 0.0, 0.0, 0.0, 0.0, 0.0, 0.0, 0.0, 0.0, 0.0, 0.0, 0.0, 0.0, 0.0, 0.0, 0.0, 0.0, 0.0, 0.0, 0.0, 0.0, 0.0, 0.0, 0.0, 0.0, 0.0, 0.0, 0.0, 0.0, 0.0, 0.0, 0.0, 0.0, 0.0, 0.0, 0.0, 0.0, 0.0, 0.0, 0.0, 0.0, 0.0, 0.0, 0.0, 0.0, 0.0, 0.0, 0.0, 0.0, 0.0, 0.0, 0.0, 0.0, 0.0, 0.0, 0.0, 0.0, 0.0, 0.0, 0.0, 0.0, 0.0, 0.0, 0.0, 0.0, 0.0, 0.0, 0.0, 0.0, 0.0, 0.0, 0.0, 0.0, 0.0, 0.0, 0.0, 0.0, 0.0, 0.0, 0.0, 0.0, 0.0, 0.0, 0.0, 0.0, 0.0, 0.0, 0.0, 0.0, 0.0, 0.0, 0.0, 0.0, 0.0, 0.0, 0.0, 0.0, 0.0, 0.0, 0.0, 0.0, 0.0, 0.0, 0.0, 0.0, 0.0, 0.0, 0.0, 0.0, 0.0, 0.0, 0.0, 0.0, 0.0, 0.0, 0.0, 0.0, 0.0, 0.0, 0.0, 0.0, 0.0, 0.0, 0.0, 0.0, 0.0, 0.0, 0.0, 0.0, 0.0, 0.0, 0.0, 0.0, 0.0, 0.0, 0.0, 0.0, 0.0, 0.0, 0.0, 1.89, 2.45, 2.45, 1.74, 3.33, 2.98, 1.14, 0.0, 0.0, 0.0, 0.0, 0.0, 0.0, 0.0, 0.0, 0.0, 0.0, 0.0, 0.0, 2.42, 1.06, 2.16, 1.34, 0.37, 0.43, 0.41, 0.5, 1.78, 2.25, 2.52, 2.47, 0.98, 1.26, 2.63, 2.35, 2.02, 2.25, 1.94, 2.19, 1.98, 2.57, 2.96, 3.9, 3.34, 3.01, 3.05, 3.03, 3.24, 4.51, 3.67, 3.86, 4.79, 5.08, 4.81, 3.91, 4.17, 3.26, 3.21, 3.54, 2.96, 0.86, 0.99, 1.28, 0.24, 0.0, 0.0, 0.0, 0.0, 0.0, 0.0, 0.0, 0.0, 0.0, 0.0, 0.0, 0.0, 0.0, 0.0, 0.0, 0.0, 0.0, 0.0, 0.0, 0.0, 0.0, 0.0, 0.0, 0.0, 0.0, 0.0, 0.0, 0.0, 0.0, 0.0, 0.0, 0.0, 0.0, 0.0, 0.0, 0.0, 0.0, 0.0, 0.0, 0.0, 0.0, 0.0, 0.0, 0.0, 0.0, 0.01, 0.0, 0.0, 0.0, 0.0, 0.0, 0.0, 0.0, 0.0, 0.0, 0.0, 0.0, 0.0, 0.0, 0.0, 0.0, 0.0, 0.0, 0.0, 0.0, 0.0, 0.0, 0.0, 0.0, 0.0, 0.0, 0.0, 0.0, 0.0, 0.0, 0.0, 0.0, 0.0, 0.0, 0.0, 0.0, 0.0, 0.0, 0.0, 0.0, 0.0, 0.0, 0.0, 0.0, 0.0, 0.0, 0.0, 0.0, 0.0, 0.0, 0.0, 0.0, 0.0, 0.0, 0.0, 0.0, 0.0, 0.0, 0.0, 0.0, 0.0, 0.0, 0.0, 0.0, 0.0, 0.0, 0.0, 0.0, 0.0, 0.0, 0.0, 0.0, 0.0, 0.0, 0.0, 0.0, 0.0, 0.0, 0.0, 0.0, 0.0]",7.529999999999999,2091.21
7,0.4,"[7.59, 6.47, 7.42, 7.62, 7.91, 8.17, 7.96, 7.91, 7.21, 3.59, 6.27, 6.89, 9.29, 9.18, 10.22, 10.86, 10.74, 10.22, 10.73, 11.06, 11.66, 13.13, 13.1, 13.34, 12.64, 11.37, 8.71, 5.54, 3.84, 3.63, 8.17, 9.31, 9.43, 10.68, 11.01, 11.22, 10.03, 9.12, 7.91, 7.59, 7.26, 6.72, 7.9, 8.95, 9.48, 8.84, 8.02, 8.07, 8.01, 8.17, 9.04, 7.65, 6.86, 7.12, 7.02, 6.01, 5.91, 6.44, 5.12, 3.95, 6.34, 4.52, 0.61, 0.0, 0.0, 0.0, 0.0, 0.0, 0.0, 0.0, 0.0, 0.0, 0.0, 0.0, 0.0, 0.0, 0.0, 0.0, 0.0, 0.0, 0.19, 0.0, 0.0, 0.0, 0.0, 0.0, 0.0, 0.0, 0.0, 0.0, 0.0, 0.0, 0.0, 0.0, 0.0, 0.0, 0.0, 0.16, 0.0, 0.0, 0.0, 2.07, 7.87, 7.52, 8.48, 0.0, 0.0, 0.0, 0.0, 0.34, 1.28, 1.23, 1.05, 1.08, 0.73, 6.31, 6.19, 6.74, 7.36, 7.95, 8.1, 7.7, 7.13, 4.33, 3.54, 3.54, 3.58, 2.78, 2.08, 1.59, 1.16, 1.26, 1.97, 0.0, 0.0, 0.65, 8.57, 9.97, 10.74, 8.98, 11.25, 11.14, 13.36, 11.39, 12.57, 12.59, 13.18, 13.37, 13.55, 13.82, 14.47, 13.52, 9.97, 9.52, 11.78, 10.7, 10.09, 10.98, 12.24, 13.13, 13.51, 9.46, 10.89, 10.53, 11.61, 9.84, 9.42, 9.79, 9.87, 7.48, 6.24, 9.59, 9.56, 10.58, 13.59, 16.01, 17.0, 18.57, 17.44, 14.83, 14.81, 16.71, 16.65, 17.41, 18.11, 17.62, 17.78, 17.37, 22.11, 23.21, 24.25, 25.93, 27.42, 27.04, 29.58, 27.7, 32.51, 31.14, 28.55, 29.58, 29.87, 26.65, 25.47, 25.86, 28.63, 28.04, 25.5, 25.71, 24.47, 23.02, 25.58, 27.98, 26.61, 24.55, 24.7, 26.03, 25.6, 25.03, 24.62, 22.43, 22.96, 25.47, 21.61, 21.7, 19.43, 18.2, 14.92, 15.78, 15.58, 12.56, 11.42, 5.51, 6.49, 4.34, 1.05, 0.0, 0.0, 0.0, 0.0, 0.0, 0.0, 0.0, 0.0, 0.0, 0.0, 0.0, 0.0, 0.0, 0.0, 0.0, 0.0, 0.0, 0.0, 0.0, 0.0, 0.0, 0.0, 0.0, 0.0, 0.0, 0.0, 0.0, 0.0, 0.0, 0.0, 0.0, 0.0, 0.0, 0.0, 0.0, 0.0, 0.0, 0.0, 0.0, 0.0, 0.0, 0.0, 0.0, 0.0, 0.0, 0.0, 0.0, 0.0, 0.0, 0.0, 0.0, 0.0, 0.0, 0.0, 0.0, 0.0, 0.0, 0.0, 0.0, 0.0, 0.0, 0.0, 0.0, 0.0, 0.0, 0.0, 0.0, 0.0, 0.0, 0.0, 0.0, 0.0, 0.0, 0.0, 0.0, 0.0, 0.0, 0.0, 0.0, 0.0, 0.0, 0.0, 0.0, 0.0, 0.0, 0.0, 0.0, 0.0, 0.0, 0.0, 0.0, 0.0, 0.0, 0.0, 0.0, 0.0, 0.0, 0.0, 0.0, 0.0, 0.0, 0.0, 0.0, 0.0, 0.0, 0.0, 0.0, 0.0, 0.0, 0.0, 0.0, 0.0, 0.0, 0.0, 0.0, 0.0, 0.0, 0.0, 0.0, 0.0, 0.0, 0.0, 0.0, 0.0, 0.0, 0.0, 0.0, 0.0, 0.0, 0.0, 0.0, 0.0, 0.0, 0.0, 0.0, 0.0, 0.0, 0.0, 0.0, 0.0, 0.0, 0.0, 0.0, 0.0, 0.0, 0.0, 0.0, 0.0, 0.0, 0.0, 0.0, 0.0, 0.0, 0.0, 0.0, 0.0, 0.0, 0.0, 0.0, 0.0, 0.0, 0.0, 0.0, 0.0, 0.0, 0.0, 0.0, 0.0, 0.0, 0.0, 0.0, 0.0, 0.0, 0.0, 0.0, 0.0, 0.0, 0.0, 0.0, 0.0, 0.0, 0.0, 0.0, 0.0, 0.0, 0.0, 0.0, 0.0, 0.0, 0.0, 0.0, 0.0, 0.0, 0.0, 0.0, 0.0, 0.0, 0.0, 0.0, 0.0, 0.0, 0.0, 0.0, 0.0, 0.0, 0.0, 0.0, 0.0, 0.0, 0.0, 0.0, 0.0, 0.0, 0.0, 0.0, 0.0, 0.0, 0.0, 0.0, 0.0, 0.0, 0.0, 0.0, 0.0, 0.0, 0.0, 0.0, 0.0, 1.26, 1.53, 3.97, 4.53, 4.53, 3.82, 5.41, 5.06, 3.22, 1.48, 0.54, 0.0, 0.0, 0.0, 1.03, 0.88, 1.28, 1.25, 1.59, 1.37, 1.99, 4.5, 3.14, 4.24, 3.42, 2.45, 2.51, 2.49, 2.58, 3.86, 4.33, 4.6, 4.55, 3.06, 3.34, 4.71, 4.43, 4.1, 4.33, 4.02, 4.27, 4.06, 4.65, 5.04, 5.98, 5.42, 5.09, 5.13, 5.11, 5.32, 6.59, 5.75, 5.94, 6.87, 7.16, 6.89, 5.99, 6.25, 5.34, 5.29, 5.62, 5.04, 2.94, 3.07, 3.36, 2.32, 0.75, 0.0, 0.0, 0.38, 0.0, 0.0, 0.0, 0.0, 0.0, 0.0, 0.0, 0.0, 0.0, 0.0, 0.0, 0.0, 0.0, 0.0, 0.0, 0.0, 0.0, 0.0, 0.0, 0.0, 0.0, 0.0, 0.0, 0.0, 0.0, 0.0, 0.0, 0.0, 0.0, 0.0, 0.0, 0.0, 0.0, 0.0, 0.0, 0.0, 0.0, 0.0, 0.0, 0.0, 0.0, 2.09, 0.24, 0.99, 0.89, 0.0, 0.0, 0.0, 0.0, 0.0, 0.0, 0.0, 0.0, 0.0, 0.0, 0.0, 0.0, 0.0, 0.0, 0.0, 0.0, 0.0, 0.0, 0.0, 0.0, 0.0, 0.0, 0.0, 0.0, 0.0, 0.0, 0.0, 0.0, 0.0, 0.0, 0.0, 0.0, 0.0, 0.0, 0.0, 0.0, 0.0, 0.0, 0.0, 0.0, 0.0, 0.0, 0.0, 0.0, 0.0, 0.0, 0.0, 0.0, 0.0, 0.0, 0.0, 0.0, 0.0, 0.0, 0.0, 0.0, 0.0, 0.0, 0.0, 0.0, 0.0, 0.0, 0.0, 0.0, 0.0, 0.0, 0.0, 0.0, 0.0, 0.0, 0.0, 0.0, 0.0, 0.0, 0.0, 0.0, 0.0]",7.529999999999999,2603.48
8,0.45,"[8.44, 7.32, 8.27, 8.47, 8.76, 9.02, 8.81, 8.76, 8.06, 4.44, 7.12, 7.74, 10.14, 10.03, 11.07, 11.71, 11.59, 11.07, 11.58, 11.91, 12.51, 13.98, 13.95, 14.19, 13.49, 12.22, 9.56, 6.39, 4.69, 4.48, 9.02, 10.16, 10.28, 11.53, 11.86, 12.07, 10.88, 9.97, 8.76, 8.44, 8.11, 7.57, 8.75, 9.8, 10.33, 9.69, 8.87, 8.92, 8.86, 9.02, 9.89, 8.5, 7.71, 7.97, 7.87, 6.86, 6.76, 7.29, 5.97, 4.8, 7.19, 5.37, 1.46, 0.0, 0.37, 0.32, 0.0, 0.0, 0.0, 0.0, 0.0, 0.0, 0.0, 0.65, 0.59, 0.43, 0.0, 0.47, 0.48, 0.76, 1.04, 0.0, 0.0, 0.0, 0.0, 0.0, 0.0, 0.0, 0.0, 0.0, 0.0, 0.0, 0.0, 0.0, 0.33, 0.67, 0.34, 1.01, 0.41, 0.75, 0.69, 2.92, 8.72, 8.37, 9.33, 0.0, 0.0, 0.0, 0.0, 1.19, 2.13, 2.08, 1.9, 1.93, 1.58, 7.16, 7.04, 7.59, 8.21, 8.8, 8.95, 8.55, 7.98, 5.18, 4.39, 4.39, 4.43, 3.63, 2.93, 2.44, 2.01, 2.11, 2.82, 0.21, 0.0, 1.5, 9.42, 10.82, 11.59, 9.83, 12.1, 11.99, 14.21, 12.24, 13.42, 13.44, 14.03, 14.22, 14.4, 14.67, 15.32, 14.37, 10.82, 10.37, 12.63, 11.55, 10.94, 11.83, 13.09, 13.98, 14.36, 10.31, 11.74, 11.38, 12.46, 10.69, 10.27, 10.64, 10.72, 8.33, 7.09, 10.44, 10.41, 11.43, 14.44, 16.86, 17.85, 19.42, 18.29, 15.68, 15.66, 17.56, 17.5, 18.26, 18.96, 18.47, 18.63, 18.22, 22.96, 24.06, 25.1, 26.78, 28.27, 27.89, 30.43, 28.55, 33.36, 31.99, 29.4, 30.43, 30.72, 27.5, 26.32, 26.71, 29.48, 28.89, 26.35, 26.56, 25.32, 23.87, 26.43, 28.83, 27.46, 25.4, 25.55, 26.88, 26.45, 25.88, 25.47, 23.28, 23.81, 26.32, 22.46, 22.55, 20.28, 19.05, 15.77, 16.63, 16.43, 13.41, 12.27, 6.36, 7.34, 5.19, 1.9, 0.0, 0.0, 0.0, 0.0, 0.0, 0.0, 0.0, 0.0, 0.0, 0.0, 0.0, 0.0, 0.0, 0.0, 0.0, 0.0, 0.0, 0.0, 0.0, 0.0, 0.0, 0.0, 0.0, 0.0, 0.0, 0.0, 0.0, 0.0, 0.0, 0.0, 0.0, 0.0, 0.0, 0.0, 0.0, 0.0, 0.0, 0.0, 0.0, 0.0, 0.0, 0.0, 0.0, 0.0, 0.0, 0.0, 0.0, 0.0, 0.0, 0.0, 0.0, 0.0, 0.0, 0.0, 0.0, 0.0, 0.0, 0.0, 0.0, 0.0, 0.0, 0.0, 0.0, 0.0, 0.0, 0.0, 0.0, 0.0, 0.0, 0.0, 0.0, 0.0, 0.0, 0.0, 0.0, 0.0, 0.0, 0.0, 0.0, 0.0, 0.0, 0.0, 0.0, 0.0, 0.0, 0.0, 0.0, 0.0, 0.0, 0.0, 0.0, 0.0, 0.0, 0.0, 0.0, 0.0, 0.0, 0.0, 0.0, 0.0, 0.0, 0.0, 0.0, 0.0, 0.0, 0.0, 0.0, 0.0, 0.0, 0.0, 0.0, 0.0, 0.0, 0.0, 0.0, 0.0, 0.0, 0.11, 0.12, 0.4, 0.0, 0.0, 0.0, 0.0, 0.0, 0.0, 0.0, 0.0, 0.0, 0.0, 0.0, 0.0, 0.0, 0.0, 0.0, 0.0, 0.0, 0.0, 0.0, 0.0, 0.0, 0.0, 0.0, 0.0, 0.0, 0.0, 0.0, 0.0, 0.0, 0.0, 0.0, 0.0, 0.0, 0.0, 0.0, 0.0, 0.0, 0.0, 0.0, 0.0, 0.0, 0.0, 0.0, 0.0, 0.0, 0.0, 0.0, 0.0, 0.0, 0.0, 0.0, 0.0, 0.0, 0.0, 0.0, 0.0, 0.0, 0.0, 0.0, 0.0, 0.0, 0.0, 0.0, 0.0, 0.0, 0.0, 0.0, 0.0, 0.0, 0.0, 0.0, 0.0, 0.0, 0.0, 0.0, 0.0, 0.0, 0.0, 0.0, 0.0, 0.0, 0.0, 0.0, 0.0, 0.0, 0.0, 0.0, 0.0, 0.0, 0.0, 0.0, 0.0, 0.0, 0.0, 0.0, 0.0, 0.0, 0.0, 0.0, 0.0, 0.31, 0.0, 0.0, 0.48, 0.0, 0.21, 0.13, 0.0, 2.11, 2.38, 4.82, 5.38, 5.38, 4.67, 6.26, 5.91, 4.07, 2.33, 1.39, 0.0, 0.0, 0.0, 1.88, 1.73, 2.13, 2.1, 2.44, 2.22, 2.84, 5.35, 3.99, 5.09, 4.27, 3.3, 3.36, 3.34, 3.43, 4.71, 5.18, 5.45, 5.4, 3.91, 4.19, 5.56, 5.28, 4.95, 5.18, 4.87, 5.12, 4.91, 5.5, 5.89, 6.83, 6.27, 5.94, 5.98, 5.96, 6.17, 7.44, 6.6, 6.79, 7.72, 8.01, 7.74, 6.84, 7.1, 6.19, 6.14, 6.47, 5.89, 3.79, 3.92, 4.21, 3.17, 1.6, 0.85, 0.57, 1.23, 0.26, 0.0, 0.0, 0.0, 0.02, 0.33, 0.71, 0.25, 0.58, 0.07, 0.0, 0.0, 0.0, 0.0, 0.0, 0.0, 0.0, 0.0, 0.0, 0.0, 0.0, 0.0, 0.0, 0.0, 0.0, 0.0, 0.0, 0.0, 0.0, 0.0, 0.0, 0.0, 0.0, 0.0, 0.0, 0.0, 0.0, 0.0, 0.0, 0.0, 0.69, 2.94, 1.09, 1.84, 1.74, 0.0, 0.0, 0.0, 0.0, 0.0, 0.0, 0.0, 0.0, 0.0, 0.0, 0.0, 0.0, 0.0, 0.0, 0.0, 0.0, 0.0, 0.0, 0.0, 0.0, 0.0, 0.0, 0.0, 0.0, 0.0, 0.0, 0.0, 0.0, 0.0, 0.0, 0.0, 0.0, 0.0, 0.0, 0.0, 0.0, 0.0, 0.0, 0.0, 0.0, 0.0, 0.0, 0.0, 0.0, 0.0, 0.0, 0.0, 0.0, 0.0, 0.0, 0.0, 0.0, 0.0, 0.0, 0.0, 0.0, 0.0, 0.0, 0.0, 0.0, 0.0, 0.0, 0.0, 0.0, 0.0, 0.0, 0.0, 0.0, 0.0, 0.0, 0.0, 0.0, 0.0, 0.0, 0.0, 0.0, 0.0]",7.529999999999999,2839.74
9,0.5,"[9.14, 8.02, 8.97, 9.17, 9.46, 9.72, 9.51, 9.46, 8.76, 5.14, 7.82, 8.44, 10.84, 10.73, 11.77, 12.41, 12.29, 11.77, 12.28, 12.61, 13.21, 14.68, 14.65, 14.89, 14.19, 12.92, 10.26, 7.09, 5.39, 5.18, 9.72, 10.86, 10.98, 12.23, 12.56, 12.77, 11.58, 10.67, 9.46, 9.14, 8.81, 8.27, 9.45, 10.5, 11.03, 10.39, 9.57, 9.62, 9.56, 9.72, 10.59, 9.2, 8.41, 8.67, 8.57, 7.56, 7.46, 7.99, 6.67, 5.5, 7.89, 6.07, 2.16, 0.64, 1.07, 1.02, 0.27, 0.0, 0.0, 0.0, 0.0, 0.0, 0.68, 1.35, 1.29, 1.13, 0.15, 1.17, 1.18, 1.46, 1.74, 0.62, 0.0, 0.0, 0.0, 0.14, 0.0, 0.0, 0.0, 0.0, 0.0, 0.0, 0.0, 0.0, 1.03, 1.37, 1.04, 1.71, 1.11, 1.45, 1.39, 3.62, 9.42, 9.07, 10.03, 0.0, 0.0, 0.0, 0.28, 1.89, 2.83, 2.78, 2.6, 2.63, 2.28, 7.86, 7.74, 8.29, 8.91, 9.5, 9.65, 9.25, 8.68, 5.88, 5.09, 5.09, 5.13, 4.33, 3.63, 3.14, 2.71, 2.81, 3.52, 0.91, 0.5, 2.2, 10.12, 11.52, 12.29, 10.53, 12.8, 12.69, 14.91, 12.94, 14.12, 14.14, 14.73, 14.92, 15.1, 15.37, 16.02, 15.07, 11.52, 11.07, 13.33, 12.25, 11.64, 12.53, 13.79, 14.68, 15.06, 11.01, 12.44, 12.08, 13.16, 11.39, 10.97, 11.34, 11.42, 9.03, 7.79, 11.14, 11.11, 12.13, 15.14, 17.56, 18.55, 20.12, 18.99, 16.38, 16.36, 18.26, 18.2, 18.96, 19.66, 19.17, 19.33, 18.92, 23.66, 24.76, 25.8, 27.48, 28.97, 28.59, 31.13, 29.25, 34.06, 32.69, 30.1, 31.13, 31.42, 28.2, 27.02, 27.41, 30.18, 29.59, 27.05, 27.26, 26.02, 24.57, 27.13, 29.53, 28.16, 26.1, 26.25, 27.58, 27.15, 26.58, 26.17, 23.98, 24.51, 27.02, 23.16, 23.25, 20.98, 19.75, 16.47, 17.33, 17.13, 14.11, 12.97, 7.06, 8.04, 5.89, 2.6, 0.0, 0.0, 0.0, 0.0, 0.0, 0.0, 0.0, 0.0, 0.09, 0.0, 0.36, 0.37, 0.43, 0.0, 0.0, 0.0, 0.0, 0.0, 0.0, 0.0, 0.0, 0.0, 0.0, 0.0, 0.0, 0.0, 0.0, 0.0, 0.0, 0.0, 0.0, 0.0, 0.0, 0.0, 0.0, 0.0, 0.0, 0.0, 0.0, 0.0, 0.0, 0.0, 0.0, 0.0, 0.0, 0.0, 0.0, 0.0, 0.0, 0.0, 0.0, 0.0, 0.0, 0.0, 0.0, 0.0, 0.0, 0.0, 0.0, 0.0, 0.0, 0.0, 0.0, 0.0, 0.0, 0.0, 0.0, 0.0, 0.0, 0.0, 0.0, 0.0, 0.0, 0.0, 0.0, 0.0, 0.0, 0.0, 0.0, 0.0, 0.0, 0.0, 0.0, 0.0, 0.0, 0.0, 0.0, 0.0, 0.0, 0.0, 0.0, 0.0, 0.0, 0.0, 0.0, 0.0, 0.0, 0.0, 0.0, 0.0, 0.0, 0.0, 0.0, 0.0, 0.0, 0.0, 0.0, 0.0, 0.0, 0.0, 0.0, 0.0, 0.0, 0.0, 0.43, 0.36, 0.33, 0.81, 0.82, 1.1, 0.0, 0.0, 0.0, 0.0, 0.0, 0.0, 0.0, 0.0, 0.0, 0.0, 0.0, 0.0, 0.0, 0.0, 0.0, 0.0, 0.0, 0.0, 0.0, 0.0, 0.0, 0.0, 0.0, 0.0, 0.0, 0.0, 0.0, 0.0, 0.0, 0.0, 0.0, 0.0, 0.0, 0.0, 0.0, 0.0, 0.0, 0.0, 0.0, 0.0, 0.0, 0.0, 0.0, 0.0, 0.0, 0.0, 0.0, 0.0, 0.0, 0.0, 0.0, 0.0, 0.0, 0.0, 0.0, 0.0, 0.0, 0.0, 0.0, 0.0, 0.0, 0.0, 0.0, 0.0, 0.0, 0.0, 0.0, 0.0, 0.0, 0.0, 0.0, 0.0, 0.0, 0.0, 0.0, 0.0, 0.0, 0.0, 0.0, 0.0, 0.0, 0.0, 0.0, 0.0, 0.0, 0.0, 0.0, 0.0, 0.0, 0.0, 0.21, 0.7, 0.0, 0.31, 0.53, 0.0, 0.53, 0.0, 0.42, 0.36, 1.01, 0.68, 0.65, 1.18, 0.66, 0.91, 0.83, 0.67, 2.81, 3.08, 5.52, 6.08, 6.08, 5.37, 6.96, 6.61, 4.77, 3.03, 2.09, 0.21, 0.0, 0.0, 2.58, 2.43, 2.83, 2.8, 3.14, 2.92, 3.54, 6.05, 4.69, 5.79, 4.97, 4.0, 4.06, 4.04, 4.13, 5.41, 5.88, 6.15, 6.1, 4.61, 4.89, 6.26, 5.98, 5.65, 5.88, 5.57, 5.82, 5.61, 6.2, 6.59, 7.53, 6.97, 6.64, 6.68, 6.66, 6.87, 8.14, 7.3, 7.49, 8.42, 8.71, 8.44, 7.54, 7.8, 6.89, 6.84, 7.17, 6.59, 4.49, 4.62, 4.91, 3.87, 2.3, 1.55, 1.27, 1.93, 0.96, 0.1, 0.53, 0.62, 0.72, 1.03, 1.41, 0.95, 1.28, 0.77, 0.4, 0.0, 0.0, 0.0, 0.0, 0.0, 0.0, 0.0, 0.0, 0.0, 0.0, 0.0, 0.0, 0.0, 0.0, 0.0, 0.0, 0.0, 0.0, 0.0, 0.0, 0.0, 0.0, 0.0, 0.0, 0.0, 0.0, 0.0, 0.49, 0.46, 1.39, 3.64, 1.79, 2.54, 2.44, 0.0, 0.0, 0.0, 0.0, 0.0, 0.0, 0.0, 0.0, 0.0, 0.0, 0.0, 0.0, 0.0, 0.0, 0.0, 0.0, 0.0, 0.0, 0.0, 0.0, 0.0, 0.0, 0.0, 0.0, 0.0, 0.0, 0.0, 0.0, 0.0, 0.0, 0.0, 0.0, 0.0, 0.0, 0.0, 0.0, 0.0, 0.0, 0.0, 0.0, 0.0, 0.0, 0.0, 0.0, 0.0, 0.0, 0.0, 0.0, 0.0, 0.0, 0.0, 0.0, 0.0, 0.0, 0.0, 0.0, 0.0, 0.0, 0.0, 0.0, 0.0, 0.0, 0.0, 0.0, 0.0, 0.0, 0.0, 0.0, 0.0, 0.0, 0.0, 0.0, 0.0, 0.0, 0.0, 0.0, 0.0]",7.529999999999999,3059.72
10,0.55,"[10.3, 9.18, 10.13, 10.33, 10.62, 10.88, 10.67, 10.62, 9.92, 6.3, 8.98, 9.6, 12.0, 11.89, 12.93, 13.57, 13.45, 12.93, 13.44, 13.77, 14.37, 15.84, 15.81, 16.05, 15.35, 14.08, 11.42, 8.25, 6.55, 6.34, 10.88, 12.02, 12.14, 13.39, 13.72, 13.93, 12.74, 11.83, 10.62, 10.3, 9.97, 9.43, 10.61, 11.66, 12.19, 11.55, 10.73, 10.78, 10.72, 10.88, 11.75, 10.36, 9.57, 9.83, 9.73, 8.72, 8.62, 9.15, 7.83, 6.66, 9.05, 7.23, 3.32, 1.8, 2.23, 2.18, 1.43, 0.95, 0.25, 0.18, 0.21, 0.28, 1.84, 2.51, 2.45, 2.29, 1.31, 2.33, 2.34, 2.62, 2.9, 1.78, 0.16, 0.45, 1.16, 1.3, 1.11, 0.84, 0.75, 0.47, 0.19, 0.5, 0.0, 0.0, 2.19, 2.53, 2.2, 2.87, 2.27, 2.61, 2.55, 4.78, 10.58, 10.23, 11.19, 0.0, 0.0, 0.5, 1.44, 3.05, 3.99, 3.94, 3.76, 3.79, 3.44, 9.02, 8.9, 9.45, 10.07, 10.66, 10.81, 10.41, 9.84, 7.04, 6.25, 6.25, 6.29, 5.49, 4.79, 4.3, 3.87, 3.97, 4.68, 2.07, 1.66, 3.36, 11.28, 12.68, 13.45, 11.69, 13.96, 13.85, 16.07, 14.1, 15.28, 15.3, 15.89, 16.08, 16.26, 16.53, 17.18, 16.23, 12.68, 12.23, 14.49, 13.41, 12.8, 13.69, 14.95, 15.84, 16.22, 12.17, 13.6, 13.24, 14.32, 12.55, 12.13, 12.5, 12.58, 10.19, 8.95, 12.3, 12.27, 13.29, 16.3, 18.72, 19.71, 21.28, 20.15, 17.54, 17.52, 19.42, 19.36, 20.12, 20.82, 20.33, 20.49, 20.08, 24.82, 25.92, 26.96, 28.64, 30.13, 29.75, 32.29, 30.41, 35.22, 33.85, 31.26, 32.29, 32.58, 29.36, 28.18, 28.57, 31.34, 30.75, 28.21, 28.42, 27.18, 25.73, 28.29, 30.69, 29.32, 27.26, 27.41, 28.74, 28.31, 27.74, 27.33, 25.14, 25.67, 28.18, 24.32, 24.41, 22.14, 20.91, 17.63, 18.49, 18.29, 15.27, 14.13, 8.22, 9.2, 7.05, 3.76, 0.41, 0.0, 0.0, 0.0, 0.0, 0.0, 0.0, 0.78, 1.25, 0.75, 1.52, 1.53, 1.59, 1.01, 0.0, 0.0, 0.0, 0.0, 0.0, 0.0, 0.0, 0.0, 0.0, 0.0, 0.0, 0.0, 0.0, 0.0, 0.0, 0.0, 0.0, 0.0, 0.0, 0.0, 0.0, 0.0, 0.0, 0.0, 0.0, 0.0, 0.0, 0.0, 0.0, 0.0, 0.0, 0.0, 0.0, 0.0, 0.0, 0.0, 0.0, 0.0, 0.0, 0.0, 0.0, 0.0, 0.0, 0.0, 0.0, 0.0, 0.0, 0.0, 0.0, 0.0, 0.0, 0.0, 0.0, 0.0, 0.0, 0.0, 0.0, 0.0, 0.0, 0.0, 0.0, 0.0, 0.0, 0.0, 0.0, 0.0, 0.0, 0.0, 0.0, 0.0, 0.0, 0.0, 0.0, 0.0, 0.0, 0.0, 0.0, 0.0, 0.0, 0.0, 0.0, 0.0, 0.0, 0.0, 0.0, 0.0, 0.0, 0.0, 0.0, 0.0, 0.0, 0.0, 0.0, 0.0, 0.0, 0.0, 0.0, 0.77, 0.94, 0.75, 1.59, 1.52, 1.49, 1.97, 1.98, 2.26, 0.29, 0.0, 0.0, 0.0, 0.0, 0.0, 0.0, 0.0, 0.0, 0.0, 0.0, 0.0, 0.0, 0.0, 0.0, 0.0, 0.0, 0.0, 0.0, 0.0, 0.0, 0.0, 0.0, 0.0, 0.0, 0.0, 0.0, 0.0, 0.0, 0.0, 0.0, 0.0, 0.0, 0.0, 0.0, 0.0, 0.13, 0.0, 0.0, 0.0, 0.0, 0.0, 0.0, 0.0, 0.0, 0.0, 0.0, 0.0, 0.0, 0.0, 0.0, 0.0, 0.0, 0.0, 0.0, 0.0, 0.0, 0.0, 0.0, 0.0, 0.0, 0.0, 0.0, 0.0, 0.0, 0.0, 0.0, 0.0, 0.0, 0.0, 0.0, 0.0, 0.0, 0.0, 0.0, 0.0, 0.0, 0.0, 0.0, 0.0, 0.0, 0.0, 0.0, 0.0, 0.0, 0.0, 0.0, 0.0, 0.0, 0.85, 1.37, 1.86, 1.01, 1.47, 1.69, 0.47, 1.69, 1.01, 1.58, 1.52, 2.17, 1.84, 1.81, 2.34, 1.82, 2.07, 1.99, 1.83, 3.97, 4.24, 6.68, 7.24, 7.24, 6.53, 8.12, 7.77, 5.93, 4.19, 3.25, 1.37, 0.94, 1.13, 3.74, 3.59, 3.99, 3.96, 4.3, 4.08, 4.7, 7.21, 5.85, 6.95, 6.13, 5.16, 5.22, 5.2, 5.29, 6.57, 7.04, 7.31, 7.26, 5.77, 6.05, 7.42, 7.14, 6.81, 7.04, 6.73, 6.98, 6.77, 7.36, 7.75, 8.69, 8.13, 7.8, 7.84, 7.82, 8.03, 9.3, 8.46, 8.65, 9.58, 9.87, 9.6, 8.7, 8.96, 8.05, 8.0, 8.33, 7.75, 5.65, 5.78, 6.07, 5.03, 3.46, 2.71, 2.43, 3.09, 2.12, 1.26, 1.69, 1.78, 1.88, 2.19, 2.57, 2.11, 2.44, 1.93, 1.56, 0.78, 0.0, 0.0, 0.0, 0.0, 0.0, 0.0, 0.0, 0.0, 0.0, 0.0, 0.0, 0.0, 0.0, 0.0, 0.0, 0.0, 0.0, 0.0, 0.0, 0.0, 0.0, 0.0, 0.0, 0.0, 0.66, 0.25, 1.65, 1.62, 2.55, 4.8, 2.95, 3.7, 3.6, 0.0, 0.0, 0.0, 0.0, 0.0, 0.0, 0.0, 0.0, 0.0, 0.0, 0.0, 0.0, 0.0, 0.0, 0.0, 0.0, 0.0, 0.0, 0.0, 0.0, 0.0, 0.0, 0.0, 0.0, 0.0, 0.0, 0.0, 0.0, 0.0, 0.0, 0.0, 0.0, 0.0, 0.0, 0.0, 0.0, 0.0, 0.0, 0.0, 0.0, 0.0, 0.0, 0.0, 0.0, 0.0, 0.0, 0.0, 0.0, 0.0, 0.0, 0.0, 0.0, 0.0, 0.0, 0.0, 0.0, 0.0, 0.0, 0.0, 0.0, 0.0, 0.0, 0.0, 0.0, 0.0, 0.0, 0.0, 0.0, 0.0, 0.0, 0.0, 0.0, 0.0, 0.0, 0.0, 0.0, 0.0]",7.529999999999999,3459.97
11,0.6,"[11.5, 10.38, 11.33, 11.53, 11.82, 12.08, 11.87, 11.82, 11.12, 7.5, 10.18, 10.8, 13.2, 13.09, 14.13, 14.77, 14.65, 14.13, 14.64, 14.97, 15.57, 17.04, 17.01, 17.25, 16.55, 15.28, 12.62, 9.45, 7.75, 7.54, 12.08, 13.22, 13.34, 14.59, 14.92, 15.13, 13.94, 13.03, 11.82, 11.5, 11.17, 10.63, 11.81, 12.86, 13.39, 12.75, 11.93, 11.98, 11.92, 12.08, 12.95, 11.56, 10.77, 11.03, 10.93, 9.92, 9.82, 10.35, 9.03, 7.86, 10.25, 8.43, 4.52, 3.0, 3.43, 3.38, 2.63, 2.15, 1.45, 1.38, 1.41, 1.48, 3.04, 3.71, 3.65, 3.49, 2.51, 3.53, 3.54, 3.82, 4.1, 2.98, 1.36, 1.65, 2.36, 2.5, 2.31, 2.04, 1.95, 1.67, 1.39, 1.7, 0.0, 0.0, 3.39, 3.73, 3.4, 4.07, 3.47, 3.81, 3.75, 5.98, 11.78, 11.43, 12.39, 0.29, 1.17, 1.7, 2.64, 4.25, 5.19, 5.14, 4.96, 4.99, 4.64, 10.22, 10.1, 10.65, 11.27, 11.86, 12.01, 11.61, 11.04, 8.24, 7.45, 7.45, 7.49, 6.69, 5.99, 5.5, 5.07, 5.17, 5.88, 3.27, 2.86, 4.56, 12.48, 13.88, 14.65, 12.89, 15.16, 15.05, 17.27, 15.3, 16.48, 16.5, 17.09, 17.28, 17.46, 17.73, 18.38, 17.43, 13.88, 13.43, 15.69, 14.61, 14.0, 14.89, 16.15, 17.04, 17.42, 13.37, 14.8, 14.44, 15.52, 13.75, 13.33, 13.7, 13.78, 11.39, 10.15, 13.5, 13.47, 14.49, 17.5, 19.92, 20.91, 22.48, 21.35, 18.74, 18.72, 20.62, 20.56, 21.32, 22.02, 21.53, 21.69, 21.28, 26.02, 27.12, 28.16, 29.84, 31.33, 30.95, 33.49, 31.61, 36.42, 35.05, 32.46, 33.49, 33.78, 30.56, 29.38, 29.77, 32.54, 31.95, 29.41, 29.62, 28.38, 26.93, 29.49, 31.89, 30.52, 28.46, 28.61, 29.94, 29.51, 28.94, 28.53, 26.34, 26.87, 29.38, 25.52, 25.61, 23.34, 22.11, 18.83, 19.69, 19.49, 16.47, 15.33, 9.42, 10.4, 8.25, 4.96, 1.61, 0.0, 0.0, 0.0, 0.0, 0.0, 0.0, 1.98, 2.45, 1.95, 2.72, 2.73, 2.79, 2.21, 0.0, 0.0, 0.0, 0.0, 0.0, 0.0, 0.0, 0.0, 0.0, 0.0, 0.0, 0.0, 0.0, 0.0, 0.0, 0.0, 0.0, 0.0, 0.0, 0.0, 0.0, 0.0, 0.0, 0.0, 0.0, 0.0, 0.0, 0.0, 0.0, 0.0, 0.0, 0.0, 0.0, 0.07, 1.16, 0.14, 0.0, 0.0, 0.0, 0.0, 0.0, 0.0, 0.0, 0.0, 0.0, 0.0, 0.0, 0.0, 0.0, 0.0, 0.0, 0.0, 0.0, 0.0, 0.0, 0.0, 0.0, 0.0, 0.0, 0.0, 0.0, 0.0, 0.0, 0.0, 0.0, 0.0, 0.0, 0.0, 0.0, 0.0, 0.0, 0.0, 0.0, 0.0, 0.0, 0.0, 0.0, 0.0, 0.0, 0.0, 0.0, 0.0, 0.0, 0.0, 0.0, 0.0, 0.0, 0.0, 0.18, 0.0, 0.0, 0.0, 0.0, 0.9, 0.0, 0.0, 0.0, 1.97, 2.14, 1.95, 2.79, 2.72, 2.69, 3.17, 3.18, 3.46, 1.49, 0.65, 0.0, 0.0, 0.0, 0.37, 0.0, 0.0, 0.0, 0.0, 0.0, 0.21, 0.49, 0.0, 0.0, 0.0, 0.0, 0.0, 0.0, 0.0, 0.0, 0.0, 0.0, 0.0, 0.0, 0.0, 0.0, 0.0, 0.0, 0.0, 0.0, 0.8, 0.64, 0.59, 0.86, 1.02, 1.33, 0.78, 0.34, 0.17, 0.6, 0.0, 0.0, 0.0, 0.0, 0.0, 0.0, 0.0, 0.0, 0.0, 0.0, 0.0, 0.0, 0.0, 0.0, 0.0, 0.0, 0.0, 0.0, 0.0, 0.0, 0.0, 0.0, 0.0, 0.0, 0.0, 0.0, 0.0, 0.0, 0.0, 0.0, 0.0, 0.0, 0.0, 0.0, 0.56, 0.0, 0.0, 0.0, 0.0, 0.0, 0.0, 0.0, 0.0, 0.0, 0.0, 0.58, 0.94, 1.07, 2.05, 2.57, 3.06, 2.21, 2.67, 2.89, 1.67, 2.89, 2.21, 2.78, 2.72, 3.37, 3.04, 3.01, 3.54, 3.02, 3.27, 3.19, 3.03, 5.17, 5.44, 7.88, 8.44, 8.44, 7.73, 9.32, 8.97, 7.13, 5.39, 4.45, 2.57, 2.14, 2.33, 4.94, 4.79, 5.19, 5.16, 5.5, 5.28, 5.9, 8.41, 7.05, 8.15, 7.33, 6.36, 6.42, 6.4, 6.49, 7.77, 8.24, 8.51, 8.46, 6.97, 7.25, 8.62, 8.34, 8.01, 8.24, 7.93, 8.18, 7.97, 8.56, 8.95, 9.89, 9.33, 9.0, 9.04, 9.02, 9.23, 10.5, 9.66, 9.85, 10.78, 11.07, 10.8, 9.9, 10.16, 9.25, 9.2, 9.53, 8.95, 6.85, 6.98, 7.27, 6.23, 4.66, 3.91, 3.63, 4.29, 3.32, 2.46, 2.89, 2.98, 3.08, 3.39, 3.77, 3.31, 3.64, 3.13, 2.76, 1.98, 0.65, 1.08, 0.2, 0.0, 0.0, 0.91, 0.33, 0.0, 0.0, 0.0, 0.0, 0.0, 0.0, 0.77, 1.2, 0.0, 0.0, 0.0, 0.67, 0.0, 0.0, 0.0, 0.0, 0.0, 1.86, 1.45, 2.85, 2.82, 3.75, 6.0, 4.15, 4.9, 4.8, 0.86, 0.0, 0.0, 0.0, 0.0, 0.0, 0.0, 0.0, 0.0, 0.0, 0.0, 0.0, 0.0, 0.0, 0.0, 0.0, 0.0, 0.0, 0.0, 0.0, 0.0, 0.0, 0.0, 0.0, 0.0, 0.0, 0.0, 0.0, 0.0, 0.0, 0.0, 0.0, 0.0, 0.0, 0.0, 0.0, 0.0, 0.0, 0.0, 0.0, 0.0, 0.0, 0.0, 0.0, 0.0, 0.0, 0.0, 0.0, 0.0, 0.0, 0.0, 0.0, 0.0, 0.0, 0.0, 0.0, 0.0, 0.0, 0.0, 0.0, 0.0, 0.0, 0.0, 0.0, 0.0, 0.0, 0.0, 0.0, 0.0, 0.0, 0.0, 0.0, 0.0, 0.0, 0.0, 0.0, 0.0]",7.529999999999999,3913.22
12,0.65,"[12.13, 11.01, 11.96, 12.16, 12.45, 12.71, 12.5, 12.45, 11.75, 8.13, 10.81, 11.43, 13.83, 13.72, 14.76, 15.4, 15.28, 14.76, 15.27, 15.6, 16.2, 17.67, 17.64, 17.88, 17.18, 15.91, 13.25, 10.08, 8.38, 8.17, 12.71, 13.85, 13.97, 15.22, 15.55, 15.76, 14.57, 13.66, 12.45, 12.13, 11.8, 11.26, 12.44, 13.49, 14.02, 13.38, 12.56, 12.61, 12.55, 12.71, 13.58, 12.19, 11.4, 11.66, 11.56, 10.55, 10.45, 10.98, 9.66, 8.49, 10.88, 9.06, 5.15, 3.63, 4.06, 4.01, 3.26, 2.78, 2.08, 2.01, 2.04, 2.11, 3.67, 4.34, 4.28, 4.12, 3.14, 4.16, 4.17, 4.45, 4.73, 3.61, 1.99, 2.28, 2.99, 3.13, 2.94, 2.67, 2.58, 2.3, 2.02, 2.33, 0.63, 0.54, 4.02, 4.36, 4.03, 4.7, 4.1, 4.44, 4.38, 6.61, 12.41, 12.06, 13.02, 0.92, 1.8, 2.33, 3.27, 4.88, 5.82, 5.77, 5.59, 5.62, 5.27, 10.85, 10.73, 11.28, 11.9, 12.49, 12.64, 12.24, 11.67, 8.87, 8.08, 8.08, 8.12, 7.32, 6.62, 6.13, 5.7, 5.8, 6.51, 3.9, 3.49, 5.19, 13.11, 14.51, 15.28, 13.52, 15.79, 15.68, 17.9, 15.93, 17.11, 17.13, 17.72, 17.91, 18.09, 18.36, 19.01, 18.06, 14.51, 14.06, 16.32, 15.24, 14.63, 15.52, 16.78, 17.67, 18.05, 14.0, 15.43, 15.07, 16.15, 14.38, 13.96, 14.33, 14.41, 12.02, 10.78, 14.13, 14.1, 15.12, 18.13, 20.55, 21.54, 23.11, 21.98, 19.37, 19.35, 21.25, 21.19, 21.95, 22.65, 22.16, 22.32, 21.91, 26.65, 27.75, 28.79, 30.47, 31.96, 31.58, 34.12, 32.24, 37.05, 35.68, 33.09, 34.12, 34.41, 31.19, 30.01, 30.4, 33.17, 32.58, 30.04, 30.25, 29.01, 27.56, 30.12, 32.52, 31.15, 29.09, 29.24, 30.57, 30.14, 29.57, 29.16, 26.97, 27.5, 30.01, 26.15, 26.24, 23.97, 22.74, 19.46, 20.32, 20.12, 17.1, 15.96, 10.05, 11.03, 8.88, 5.59, 2.24, 0.0, 0.0, 0.0, 0.0, 0.0, 0.0, 2.61, 3.08, 2.58, 3.35, 3.36, 3.42, 2.84, 0.0, 0.0, 0.0, 0.0, 0.0, 0.0, 0.0, 0.0, 0.0, 0.0, 0.0, 0.0, 0.0, 0.0, 0.0, 0.0, 0.0, 0.0, 0.0, 0.0, 0.0, 0.0, 0.0, 0.0, 0.0, 0.0, 0.0, 0.0, 0.0, 0.0, 0.0, 0.0, 0.16, 0.7, 1.79, 0.77, 0.0, 0.0, 0.44, 0.0, 0.0, 0.0, 0.0, 0.0, 0.0, 0.0, 0.0, 0.0, 0.0, 0.0, 0.0, 0.0, 0.0, 0.0, 0.0, 0.0, 0.0, 0.0, 0.0, 0.0, 0.0, 0.0, 0.0, 0.0, 0.0, 0.0, 0.0, 0.0, 0.0, 0.0, 0.0, 0.0, 0.0, 0.0, 0.0, 0.0, 0.0, 0.0, 0.0, 0.0, 0.0, 0.02, 0.0, 0.31, 0.0, 0.0, 0.0, 0.0, 0.81, 0.13, 0.28, 0.37, 0.5, 1.53, 0.59, 0.0, 0.0, 2.6, 2.77, 2.58, 3.42, 3.35, 3.32, 3.8, 3.81, 4.09, 2.12, 1.28, 0.33, 0.48, 0.52, 1.0, 0.62, 0.16, 0.0, 0.0, 0.0, 0.84, 1.12, 0.47, 0.56, 0.17, 0.29, 0.0, 0.0, 0.0, 0.59, 0.0, 0.26, 0.0, 0.0, 0.0, 0.0, 0.0, 0.0, 0.0, 0.0, 1.43, 1.27, 1.22, 1.49, 1.65, 1.96, 1.41, 0.97, 0.8, 1.23, 0.4, 0.0, 0.0, 0.0, 0.0, 0.0, 0.0, 0.0, 0.0, 0.0, 0.0, 0.0, 0.0, 0.0, 0.0, 0.14, 0.21, 0.1, 0.0, 0.0, 0.0, 0.0, 0.0, 0.0, 0.0, 0.0, 0.0, 0.0, 0.0, 0.0, 0.0, 0.0, 0.0, 0.0, 1.19, 0.0, 0.0, 0.0, 0.45, 0.0, 0.0, 0.0, 0.0, 0.0, 0.0, 1.21, 1.57, 1.7, 2.68, 3.2, 3.69, 2.84, 3.3, 3.52, 2.3, 3.52, 2.84, 3.41, 3.35, 4.0, 3.67, 3.64, 4.17, 3.65, 3.9, 3.82, 3.66, 5.8, 6.07, 8.51, 9.07, 9.07, 8.36, 9.95, 9.6, 7.76, 6.02, 5.08, 3.2, 2.77, 2.96, 5.57, 5.42, 5.82, 5.79, 6.13, 5.91, 6.53, 9.04, 7.68, 8.78, 7.96, 6.99, 7.05, 7.03, 7.12, 8.4, 8.87, 9.14, 9.09, 7.6, 7.88, 9.25, 8.97, 8.64, 8.87, 8.56, 8.81, 8.6, 9.19, 9.58, 10.52, 9.96, 9.63, 9.67, 9.65, 9.86, 11.13, 10.29, 10.48, 11.41, 11.7, 11.43, 10.53, 10.79, 9.88, 9.83, 10.16, 9.58, 7.48, 7.61, 7.9, 6.86, 5.29, 4.54, 4.26, 4.92, 3.95, 3.09, 3.52, 3.61, 3.71, 4.02, 4.4, 3.94, 4.27, 3.76, 3.39, 2.61, 1.28, 1.71, 0.83, 0.09, 0.24, 1.54, 0.96, 0.37, 0.37, 0.0, 0.12, 0.0, 0.0, 1.4, 1.83, 0.0, 0.0, 0.0, 1.3, 0.0, 0.0, 0.0, 0.0, 0.0, 2.49, 2.08, 3.48, 3.45, 4.38, 6.63, 4.78, 5.53, 5.43, 1.49, 0.0, 0.0, 0.0, 0.0, 0.0, 0.0, 0.0, 0.0, 0.0, 0.0, 0.0, 0.0, 0.0, 0.0, 0.0, 0.0, 0.0, 0.0, 0.0, 0.0, 0.0, 0.0, 0.0, 0.0, 0.0, 0.0, 0.0, 0.0, 0.0, 0.0, 0.0, 0.0, 0.0, 0.0, 0.0, 0.0, 0.0, 0.0, 0.0, 0.0, 0.0, 0.0, 0.0, 0.0, 0.0, 0.0, 0.0, 0.0, 0.0, 0.0, 0.0, 0.0, 0.0, 0.0, 0.0, 0.0, 0.0, 0.0, 0.0, 0.0, 0.0, 0.0, 0.0, 0.0, 0.0, 0.0, 0.0, 0.0, 0.0, 0.0, 0.0, 0.0, 0.0, 0.0, 0.0, 0.0]",7.529999999999999,4171.72
13,0.7,"[12.53, 11.41, 12.36, 12.56, 12.85, 13.11, 12.9, 12.85, 12.15, 8.53, 11.21, 11.83, 14.23, 14.12, 15.16, 15.8, 15.68, 15.16, 15.67, 16.0, 16.6, 18.07, 18.04, 18.28, 17.58, 16.31, 13.65, 10.48, 8.78, 8.57, 13.11, 14.25, 14.37, 15.62, 15.95, 16.16, 14.97, 14.06, 12.85, 12.53, 12.2, 11.66, 12.84, 13.89, 14.42, 13.78, 12.96, 13.01, 12.95, 13.11, 13.98, 12.59, 11.8, 12.06, 11.96, 10.95, 10.85, 11.38, 10.06, 8.89, 11.28, 9.46, 5.55, 4.03, 4.46, 4.41, 3.66, 3.18, 2.48, 2.41, 2.44, 2.51, 4.07, 4.74, 4.68, 4.52, 3.54, 4.56, 4.57, 4.85, 5.13, 4.01, 2.39, 2.68, 3.39, 3.53, 3.34, 3.07, 2.98, 2.7, 2.42, 2.73, 1.03, 0.94, 4.42, 4.76, 4.43, 5.1, 4.5, 4.84, 4.78, 7.01, 12.81, 12.46, 13.42, 1.32, 2.2, 2.73, 3.67, 5.28, 6.22, 6.17, 5.99, 6.02, 5.67, 11.25, 11.13, 11.68, 12.3, 12.89, 13.04, 12.64, 12.07, 9.27, 8.48, 8.48, 8.52, 7.72, 7.02, 6.53, 6.1, 6.2, 6.91, 4.3, 3.89, 5.59, 13.51, 14.91, 15.68, 13.92, 16.19, 16.08, 18.3, 16.33, 17.51, 17.53, 18.12, 18.31, 18.49, 18.76, 19.41, 18.46, 14.91, 14.46, 16.72, 15.64, 15.03, 15.92, 17.18, 18.07, 18.45, 14.4, 15.83, 15.47, 16.55, 14.78, 14.36, 14.73, 14.81, 12.42, 11.18, 14.53, 14.5, 15.52, 18.53, 20.95, 21.94, 23.51, 22.38, 19.77, 19.75, 21.65, 21.59, 22.35, 23.05, 22.56, 22.72, 22.31, 27.05, 28.15, 29.19, 30.87, 32.36, 31.98, 34.52, 32.64, 37.45, 36.08, 33.49, 34.52, 34.81, 31.59, 30.41, 30.8, 33.57, 32.98, 30.44, 30.65, 29.41, 27.96, 30.52, 32.92, 31.55, 29.49, 29.64, 30.97, 30.54, 29.97, 29.56, 27.37, 27.9, 30.41, 26.55, 26.64, 24.37, 23.14, 19.86, 20.72, 20.52, 17.5, 16.36, 10.45, 11.43, 9.28, 5.99, 2.64, 0.33, 0.0, 0.16, 0.0, 0.01, 0.0, 3.01, 3.48, 2.98, 3.75, 3.76, 3.82, 3.24, 0.0, 0.0, 0.0, 0.0, 0.0, 0.0, 0.0, 0.0, 0.0, 0.0, 0.0, 0.0, 0.0, 0.0, 0.0, 0.0, 0.0, 0.0, 0.0, 0.0, 0.0, 0.0, 0.0, 0.0, 0.0, 0.0, 0.0, 0.0, 0.0, 0.0, 0.0, 0.0, 0.56, 1.1, 2.19, 1.17, 0.2, 0.18, 0.84, 0.0, 0.0, 0.0, 0.0, 0.0, 0.0, 0.0, 0.0, 0.0, 0.0, 0.0, 0.0, 0.0, 0.0, 0.0, 0.0, 0.0, 0.0, 0.0, 0.0, 0.0, 0.0, 0.0, 0.0, 0.0, 0.0, 0.0, 0.0, 0.0, 0.0, 0.0, 0.0, 0.0, 0.0, 0.0, 0.0, 0.0, 0.0, 0.0, 0.0, 0.0, 0.12, 0.42, 0.0, 0.71, 0.0, 0.0, 0.17, 0.0, 1.21, 0.53, 0.68, 0.77, 0.9, 1.93, 0.99, 0.32, 0.39, 3.0, 3.17, 2.98, 3.82, 3.75, 3.72, 4.2, 4.21, 4.49, 2.52, 1.68, 0.73, 0.88, 0.92, 1.4, 1.02, 0.56, 0.0, 0.0, 0.0, 1.24, 1.52, 0.87, 0.96, 0.57, 0.69, 0.19, 0.13, 0.39, 0.99, 0.14, 0.66, 0.33, 0.0, 0.0, 0.0, 0.0, 0.0, 0.0, 0.0, 1.83, 1.67, 1.62, 1.89, 2.05, 2.36, 1.81, 1.37, 1.2, 1.63, 0.8, 0.0, 0.04, 0.08, 0.13, 0.01, 0.29, 0.0, 0.0, 0.0, 0.0, 0.0, 0.0, 0.0, 0.32, 0.54, 0.61, 0.5, 0.11, 0.0, 0.0, 0.0, 0.0, 0.0, 0.0, 0.0, 0.0, 0.0, 0.07, 0.0, 0.0, 0.0, 0.0, 0.14, 1.59, 0.32, 0.34, 0.0, 0.85, 0.39, 0.11, 0.0, 0.33, 0.14, 0.06, 1.61, 1.97, 2.1, 3.08, 3.6, 4.09, 3.24, 3.7, 3.92, 2.7, 3.92, 3.24, 3.81, 3.75, 4.4, 4.07, 4.04, 4.57, 4.05, 4.3, 4.22, 4.06, 6.2, 6.47, 8.91, 9.47, 9.47, 8.76, 10.35, 10.0, 8.16, 6.42, 5.48, 3.6, 3.17, 3.36, 5.97, 5.82, 6.22, 6.19, 6.53, 6.31, 6.93, 9.44, 8.08, 9.18, 8.36, 7.39, 7.45, 7.43, 7.52, 8.8, 9.27, 9.54, 9.49, 8.0, 8.28, 9.65, 9.37, 9.04, 9.27, 8.96, 9.21, 9.0, 9.59, 9.98, 10.92, 10.36, 10.03, 10.07, 10.05, 10.26, 11.53, 10.69, 10.88, 11.81, 12.1, 11.83, 10.93, 11.19, 10.28, 10.23, 10.56, 9.98, 7.88, 8.01, 8.3, 7.26, 5.69, 4.94, 4.66, 5.32, 4.35, 3.49, 3.92, 4.01, 4.11, 4.42, 4.8, 4.34, 4.67, 4.16, 3.79, 3.01, 1.68, 2.11, 1.23, 0.49, 0.64, 1.94, 1.36, 0.77, 0.77, 0.4, 0.52, 0.31, 0.0, 1.8, 2.23, 0.0, 0.0, 0.0, 1.7, 0.0, 0.0, 0.0, 0.0, 0.0, 2.89, 2.48, 3.88, 3.85, 4.78, 7.03, 5.18, 5.93, 5.83, 1.89, 0.0, 0.06, 0.0, 0.0, 0.0, 0.0, 0.0, 0.0, 0.0, 0.0, 0.0, 0.0, 0.0, 0.0, 0.0, 0.0, 0.0, 0.0, 0.0, 0.0, 0.0, 0.0, 0.0, 0.0, 0.0, 0.0, 0.0, 0.0, 0.0, 0.0, 0.0, 0.0, 0.0, 0.0, 0.0, 0.0, 0.0, 0.0, 0.0, 0.0, 0.0, 0.0, 0.0, 0.0, 0.0, 0.0, 0.0, 0.0, 0.0, 0.0, 0.0, 0.0, 0.0, 0.0, 0.0, 0.0, 0.0, 0.0, 0.0, 0.0, 0.0, 0.0, 0.0, 0.0, 0.0, 0.0, 0.0, 0.0, 0.0, 0.0, 0.0, 0.0, 0.0, 0.0, 0.0, 0.0]",7.529999999999999,4348.43
14,0.75,"[13.52, 12.4, 13.35, 13.55, 13.84, 14.1, 13.89, 13.84, 13.14, 9.52, 12.2, 12.82, 15.22, 15.11, 16.15, 16.79, 16.67, 16.15, 16.66, 16.99, 17.59, 19.06, 19.03, 19.27, 18.57, 17.3, 14.64, 11.47, 9.77, 9.56, 14.1, 15.24, 15.36, 16.61, 16.94, 17.15, 15.96, 15.05, 13.84, 13.52, 13.19, 12.65, 13.83, 14.88, 15.41, 14.77, 13.95, 14.0, 13.94, 14.1, 14.97, 13.58, 12.79, 13.05, 12.95, 11.94, 11.84, 12.37, 11.05, 9.88, 12.27, 10.45, 6.54, 5.02, 5.45, 5.4, 4.65, 4.17, 3.47, 3.4, 3.43, 3.5, 5.06, 5.73, 5.67, 5.51, 4.53, 5.55, 5.56, 5.84, 6.12, 5.0, 3.38, 3.67, 4.38, 4.52, 4.33, 4.06, 3.97, 3.69, 3.41, 3.72, 2.02, 1.93, 5.41, 5.75, 5.42, 6.09, 5.49, 5.83, 5.77, 8.0, 13.8, 13.45, 14.41, 2.31, 3.19, 3.72, 4.66, 6.27, 7.21, 7.16, 6.98, 7.01, 6.66, 12.24, 12.12, 12.67, 13.29, 13.88, 14.03, 13.63, 13.06, 10.26, 9.47, 9.47, 9.51, 8.71, 8.01, 7.52, 7.09, 7.19, 7.9, 5.29, 4.88, 6.58, 14.5, 15.9, 16.67, 14.91, 17.18, 17.07, 19.29, 17.32, 18.5, 18.52, 19.11, 19.3, 19.48, 19.75, 20.4, 19.45, 15.9, 15.45, 17.71, 16.63, 16.02, 16.91, 18.17, 19.06, 19.44, 15.39, 16.82, 16.46, 17.54, 15.77, 15.35, 15.72, 15.8, 13.41, 12.17, 15.52, 15.49, 16.51, 19.52, 21.94, 22.93, 24.5, 23.37, 20.76, 20.74, 22.64, 22.58, 23.34, 24.04, 23.55, 23.71, 23.3, 28.04, 29.14, 30.18, 31.86, 33.35, 32.97, 35.51, 33.63, 38.44, 37.07, 34.48, 35.51, 35.8, 32.58, 31.4, 31.79, 34.56, 33.97, 31.43, 31.64, 30.4, 28.95, 31.51, 33.91, 32.54, 30.48, 30.63, 31.96, 31.53, 30.96, 30.55, 28.36, 28.89, 31.4, 27.54, 27.63, 25.36, 24.13, 20.85, 21.71, 21.51, 18.49, 17.35, 11.44, 12.42, 10.27, 6.98, 3.63, 1.32, 0.0, 1.15, 0.56, 1.0, 0.91, 4.0, 4.47, 3.97, 4.74, 4.75, 4.81, 4.23, 0.93, 0.84, 0.91, 0.0, 0.0, 0.0, 0.0, 0.0, 0.0, 0.0, 0.0, 0.0, 0.0, 0.0, 0.0, 0.0, 0.0, 0.0, 0.0, 0.0, 0.0, 0.0, 0.0, 0.0, 0.0, 0.0, 0.0, 0.0, 0.0, 0.0, 0.0, 0.0, 1.55, 2.09, 3.18, 2.16, 1.19, 1.17, 1.83, 0.4, 0.06, 0.41, 0.34, 0.0, 0.0, 0.0, 0.0, 0.0, 0.0, 0.0, 0.0, 0.0, 0.0, 0.0, 0.0, 0.0, 0.0, 0.0, 0.0, 0.0, 0.0, 0.0, 0.0, 0.0, 0.0, 0.0, 0.0, 0.0, 0.0, 0.0, 0.0, 0.0, 0.0, 0.0, 0.0, 0.0, 0.0, 0.0, 0.0, 0.69, 1.11, 1.41, 0.7, 1.7, 0.93, 0.66, 1.16, 0.87, 2.2, 1.52, 1.67, 1.76, 1.89, 2.92, 1.98, 1.31, 1.38, 3.99, 4.16, 3.97, 4.81, 4.74, 4.71, 5.19, 5.2, 5.48, 3.51, 2.67, 1.72, 1.87, 1.91, 2.39, 2.01, 1.55, 0.39, 0.0, 0.0, 2.23, 2.51, 1.86, 1.95, 1.56, 1.68, 1.18, 1.12, 1.38, 1.98, 1.13, 1.65, 1.32, 0.53, 0.0, 0.13, 0.0, 0.0, 0.0, 0.0, 2.82, 2.66, 2.61, 2.88, 3.04, 3.35, 2.8, 2.36, 2.19, 2.62, 1.79, 0.0, 1.03, 1.07, 1.12, 1.0, 1.28, 0.79, 0.0, 0.0, 0.0, 0.0, 0.52, 0.0, 1.31, 1.53, 1.6, 1.49, 1.1, 0.0, 0.0, 0.02, 0.0, 0.0, 0.0, 0.08, 0.57, 0.62, 1.06, 0.26, 0.14, 0.63, 0.63, 1.13, 2.58, 1.31, 1.33, 0.95, 1.84, 1.38, 1.1, 0.96, 1.32, 1.13, 1.05, 2.6, 2.96, 3.09, 4.07, 4.59, 5.08, 4.23, 4.69, 4.91, 3.69, 4.91, 4.23, 4.8, 4.74, 5.39, 5.06, 5.03, 5.56, 5.04, 5.29, 5.21, 5.05, 7.19, 7.46, 9.9, 10.46, 10.46, 9.75, 11.34, 10.99, 9.15, 7.41, 6.47, 4.59, 4.16, 4.35, 6.96, 6.81, 7.21, 7.18, 7.52, 7.3, 7.92, 10.43, 9.07, 10.17, 9.35, 8.38, 8.44, 8.42, 8.51, 9.79, 10.26, 10.53, 10.48, 8.99, 9.27, 10.64, 10.36, 10.03, 10.26, 9.95, 10.2, 9.99, 10.58, 10.97, 11.91, 11.35, 11.02, 11.06, 11.04, 11.25, 12.52, 11.68, 11.87, 12.8, 13.09, 12.82, 11.92, 12.18, 11.27, 11.22, 11.55, 10.97, 8.87, 9.0, 9.29, 8.25, 6.68, 5.93, 5.65, 6.31, 5.34, 4.48, 4.91, 5.0, 5.1, 5.41, 5.79, 5.33, 5.66, 5.15, 4.78, 4.0, 2.67, 3.1, 2.22, 1.48, 1.63, 2.93, 2.35, 1.76, 1.76, 1.39, 1.51, 1.3, 0.6, 2.79, 3.22, 0.0, 0.84, 0.0, 2.69, 0.59, 0.0, 0.0, 0.0, 0.0, 3.88, 3.47, 4.87, 4.84, 5.77, 8.02, 6.17, 6.92, 6.82, 2.88, 0.99, 1.05, 0.0, 0.0, 0.0, 0.0, 0.0, 0.0, 0.0, 0.0, 0.0, 0.0, 0.0, 0.0, 0.0, 0.0, 0.0, 0.0, 0.0, 0.0, 0.0, 0.0, 0.0, 0.0, 0.0, 0.0, 0.0, 0.0, 0.0, 0.0, 0.0, 0.0, 0.0, 0.0, 0.0, 0.0, 0.0, 0.0, 0.0, 0.0, 0.0, 0.0, 0.0, 0.0, 0.0, 0.0, 0.0, 0.0, 0.0, 0.0, 0.0, 0.0, 0.0, 0.0, 0.0, 0.0, 0.0, 0.0, 0.0, 0.0, 0.0, 0.0, 0.0, 0.0, 0.0, 0.0, 0.0, 0.0, 0.0, 0.0, 0.0, 0.0, 0.0, 0.0, 0.0, 0.0]",7.529999999999999,4821.3
15,0.8,"[14.6, 13.48, 14.43, 14.63, 14.92, 15.18, 14.97, 14.92, 14.22, 10.6, 13.28, 13.9, 16.3, 16.19, 17.23, 17.87, 17.75, 17.23, 17.74, 18.07, 18.67, 20.14, 20.11, 20.35, 19.65, 18.38, 15.72, 12.55, 10.85, 10.64, 15.18, 16.32, 16.44, 17.69, 18.02, 18.23, 17.04, 16.13, 14.92, 14.6, 14.27, 13.73, 14.91, 15.96, 16.49, 15.85, 15.03, 15.08, 15.02, 15.18, 16.05, 14.66, 13.87, 14.13, 14.03, 13.02, 12.92, 13.45, 12.13, 10.96, 13.35, 11.53, 7.62, 6.1, 6.53, 6.48, 5.73, 5.25, 4.55, 4.48, 4.51, 4.58, 6.14, 6.81, 6.75, 6.59, 5.61, 6.63, 6.64, 6.92, 7.2, 6.08, 4.46, 4.75, 5.46, 5.6, 5.41, 5.14, 5.05, 4.77, 4.49, 4.8, 3.1, 3.01, 6.49, 6.83, 6.5, 7.17, 6.57, 6.91, 6.85, 9.08, 14.88, 14.53, 15.49, 3.39, 4.27, 4.8, 5.74, 7.35, 8.29, 8.24, 8.06, 8.09, 7.74, 13.32, 13.2, 13.75, 14.37, 14.96, 15.11, 14.71, 14.14, 11.34, 10.55, 10.55, 10.59, 9.79, 9.09, 8.6, 8.17, 8.27, 8.98, 6.37, 5.96, 7.66, 15.58, 16.98, 17.75, 15.99, 18.26, 18.15, 20.37, 18.4, 19.58, 19.6, 20.19, 20.38, 20.56, 20.83, 21.48, 20.53, 16.98, 16.53, 18.79, 17.71, 17.1, 17.99, 19.25, 20.14, 20.52, 16.47, 17.9, 17.54, 18.62, 16.85, 16.43, 16.8, 16.88, 14.49, 13.25, 16.6, 16.57, 17.59, 20.6, 23.02, 24.01, 25.58, 24.45, 21.84, 21.82, 23.72, 23.66, 24.42, 25.12, 24.63, 24.79, 24.38, 29.12, 30.22, 31.26, 32.94, 34.43, 34.05, 36.59, 34.71, 39.52, 38.15, 35.56, 36.59, 36.88, 33.66, 32.48, 32.87, 35.64, 35.05, 32.51, 32.72, 31.48, 30.03, 32.59, 34.99, 33.62, 31.56, 31.71, 33.04, 32.61, 32.04, 31.63, 29.44, 29.97, 32.48, 28.62, 28.71, 26.44, 25.21, 21.93, 22.79, 22.59, 19.57, 18.43, 12.52, 13.5, 11.35, 8.06, 4.71, 2.4, 0.58, 2.23, 1.64, 2.08, 1.99, 5.08, 5.55, 5.05, 5.82, 5.83, 5.89, 5.31, 2.01, 1.92, 1.99, 0.0, 0.0, 0.0, 0.0, 0.0, 0.0, 0.0, 0.0, 0.0, 0.46, 0.0, 0.11, 0.0, 0.0, 0.0, 0.0, 0.0, 0.0, 0.0, 0.54, 0.0, 0.0, 0.0, 0.0, 0.62, 0.62, 0.05, 0.0, 0.05, 2.63, 3.17, 4.26, 3.24, 2.27, 2.25, 2.91, 1.48, 1.14, 1.49, 1.42, 0.85, 0.48, 0.58, 0.65, 0.4, 0.39, 0.0, 0.0, 0.0, 0.0, 0.0, 0.0, 0.0, 0.0, 0.0, 0.0, 0.0, 0.0, 0.0, 0.0, 0.0, 0.0, 0.0, 0.0, 0.0, 0.0, 0.0, 0.0, 0.0, 0.0, 0.0, 0.0, 0.0, 0.0, 0.0, 0.71, 1.77, 2.19, 2.49, 1.78, 2.78, 2.01, 1.74, 2.24, 1.95, 3.28, 2.6, 2.75, 2.84, 2.97, 4.0, 3.06, 2.39, 2.46, 5.07, 5.24, 5.05, 5.89, 5.82, 5.79, 6.27, 6.28, 6.56, 4.59, 3.75, 2.8, 2.95, 2.99, 3.47, 3.09, 2.63, 1.47, 1.0, 0.29, 3.31, 3.59, 2.94, 3.03, 2.64, 2.76, 2.26, 2.2, 2.46, 3.06, 2.21, 2.73, 2.4, 1.61, 0.97, 1.21, 0.34, 0.0, 0.0, 0.0, 3.9, 3.74, 3.69, 3.96, 4.12, 4.43, 3.88, 3.44, 3.27, 3.7, 2.87, 0.0, 2.11, 2.15, 2.2, 2.08, 2.36, 1.87, 0.45, 0.54, 0.65, 0.82, 1.6, 0.8, 2.39, 2.61, 2.68, 2.57, 2.18, 1.08, 0.85, 1.1, 0.19, 0.89, 0.42, 1.16, 1.65, 1.7, 2.14, 1.34, 1.22, 1.71, 1.71, 2.21, 3.66, 2.39, 2.41, 2.03, 2.92, 2.46, 2.18, 2.04, 2.4, 2.21, 2.13, 3.68, 4.04, 4.17, 5.15, 5.67, 6.16, 5.31, 5.77, 5.99, 4.77, 5.99, 5.31, 5.88, 5.82, 6.47, 6.14, 6.11, 6.64, 6.12, 6.37, 6.29, 6.13, 8.27, 8.54, 10.98, 11.54, 11.54, 10.83, 12.42, 12.07, 10.23, 8.49, 7.55, 5.67, 5.24, 5.43, 8.04, 7.89, 8.29, 8.26, 8.6, 8.38, 9.0, 11.51, 10.15, 11.25, 10.43, 9.46, 9.52, 9.5, 9.59, 10.87, 11.34, 11.61, 11.56, 10.07, 10.35, 11.72, 11.44, 11.11, 11.34, 11.03, 11.28, 11.07, 11.66, 12.05, 12.99, 12.43, 12.1, 12.14, 12.12, 12.33, 13.6, 12.76, 12.95, 13.88, 14.17, 13.9, 13.0, 13.26, 12.35, 12.3, 12.63, 12.05, 9.95, 10.08, 10.37, 9.33, 7.76, 7.01, 6.73, 7.39, 6.42, 5.56, 5.99, 6.08, 6.18, 6.49, 6.87, 6.41, 6.74, 6.23, 5.86, 5.08, 3.75, 4.18, 3.3, 2.56, 2.71, 4.01, 3.43, 2.84, 2.84, 2.47, 2.59, 2.38, 1.68, 3.87, 4.3, 0.92, 1.92, 0.0, 3.77, 1.67, 0.99, 0.0, 0.0, 0.0, 4.96, 4.55, 5.95, 5.92, 6.85, 9.1, 7.25, 8.0, 7.9, 3.96, 2.07, 2.13, 0.0, 0.0, 0.0, 0.0, 0.0, 0.0, 0.0, 0.0, 0.0, 0.0, 0.0, 0.0, 0.0, 0.0, 0.0, 0.0, 0.0, 0.0, 0.0, 0.0, 0.0, 0.0, 0.0, 0.0, 0.0, 0.0, 0.0, 0.0, 0.0, 0.0, 0.0, 0.0, 0.0, 0.0, 0.0, 0.0, 0.0, 0.0, 0.0, 0.0, 0.0, 0.0, 0.0, 0.0, 0.0, 0.0, 0.0, 0.0, 0.0, 0.0, 0.0, 0.0, 0.0, 0.0, 0.0, 0.0, 0.0, 0.0, 0.0, 0.0, 0.0, 0.0, 0.0, 0.0, 0.0, 0.0, 0.14, 0.0, 0.0, 0.0, 0.0, 0.28, 0.0, 0.0]",7.529999999999999,5370.29
16,0.85,"[15.19, 14.07, 15.02, 15.22, 15.51, 15.77, 15.56, 15.51, 14.81, 11.19, 13.87, 14.49, 16.89, 16.78, 17.82, 18.46, 18.34, 17.82, 18.33, 18.66, 19.26, 20.73, 20.7, 20.94, 20.24, 18.97, 16.31, 13.14, 11.44, 11.23, 15.77, 16.91, 17.03, 18.28, 18.61, 18.82, 17.63, 16.72, 15.51, 15.19, 14.86, 14.32, 15.5, 16.55, 17.08, 16.44, 15.62, 15.67, 15.61, 15.77, 16.64, 15.25, 14.46, 14.72, 14.62, 13.61, 13.51, 14.04, 12.72, 11.55, 13.94, 12.12, 8.21, 6.69, 7.12, 7.07, 6.32, 5.84, 5.14, 5.07, 5.1, 5.17, 6.73, 7.4, 7.34, 7.18, 6.2, 7.22, 7.23, 7.51, 7.79, 6.67, 5.05, 5.34, 6.05, 6.19, 6.0, 5.73, 5.64, 5.36, 5.08, 5.39, 3.69, 3.6, 7.08, 7.42, 7.09, 7.76, 7.16, 7.5, 7.44, 9.67, 15.47, 15.12, 16.08, 3.98, 4.86, 5.39, 6.33, 7.94, 8.88, 8.83, 8.65, 8.68, 8.33, 13.91, 13.79, 14.34, 14.96, 15.55, 15.7, 15.3, 14.73, 11.93, 11.14, 11.14, 11.18, 10.38, 9.68, 9.19, 8.76, 8.86, 9.57, 6.96, 6.55, 8.25, 16.17, 17.57, 18.34, 16.58, 18.85, 18.74, 20.96, 18.99, 20.17, 20.19, 20.78, 20.97, 21.15, 21.42, 22.07, 21.12, 17.57, 17.12, 19.38, 18.3, 17.69, 18.58, 19.84, 20.73, 21.11, 17.06, 18.49, 18.13, 19.21, 17.44, 17.02, 17.39, 17.47, 15.08, 13.84, 17.19, 17.16, 18.18, 21.19, 23.61, 24.6, 26.17, 25.04, 22.43, 22.41, 24.31, 24.25, 25.01, 25.71, 25.22, 25.38, 24.97, 29.71, 30.81, 31.85, 33.53, 35.02, 34.64, 37.18, 35.3, 40.11, 38.74, 36.15, 37.18, 37.47, 34.25, 33.07, 33.46, 36.23, 35.64, 33.1, 33.31, 32.07, 30.62, 33.18, 35.58, 34.21, 32.15, 32.3, 33.63, 33.2, 32.63, 32.22, 30.03, 30.56, 33.07, 29.21, 29.3, 27.03, 25.8, 22.52, 23.38, 23.18, 20.16, 19.02, 13.11, 14.09, 11.94, 8.65, 5.3, 2.99, 1.17, 2.82, 2.23, 2.67, 2.58, 5.67, 6.14, 5.64, 6.41, 6.42, 6.48, 5.9, 2.6, 2.51, 2.58, 0.38, 0.0, 0.0, 0.0, 0.0, 0.0, 0.0, 0.0, 0.06, 1.05, 0.0, 0.7, 0.0, 0.0, 0.0, 0.0, 0.0, 0.0, 0.0, 1.13, 0.44, 0.0, 0.0, 0.52, 1.21, 1.21, 0.64, 0.31, 0.64, 3.22, 3.76, 4.85, 3.83, 2.86, 2.84, 3.5, 2.07, 1.73, 2.08, 2.01, 1.44, 1.07, 1.17, 1.24, 0.99, 0.98, 0.59, 0.11, 0.32, 0.24, 0.0, 0.55, 0.42, 0.15, 0.0, 0.0, 0.0, 0.0, 0.0, 0.0, 0.0, 0.0, 0.0, 0.0, 0.0, 0.0, 0.0, 0.0, 0.0, 0.0, 0.0, 0.0, 0.13, 0.31, 0.28, 1.3, 2.36, 2.78, 3.08, 2.37, 3.37, 2.6, 2.33, 2.83, 2.54, 3.87, 3.19, 3.34, 3.43, 3.56, 4.59, 3.65, 2.98, 3.05, 5.66, 5.83, 5.64, 6.48, 6.41, 6.38, 6.86, 6.87, 7.15, 5.18, 4.34, 3.39, 3.54, 3.58, 4.06, 3.68, 3.22, 2.06, 1.59, 0.88, 3.9, 4.18, 3.53, 3.62, 3.23, 3.35, 2.85, 2.79, 3.05, 3.65, 2.8, 3.32, 2.99, 2.2, 1.56, 1.8, 0.93, 0.45, 0.57, 0.0, 4.49, 4.33, 4.28, 4.55, 4.71, 5.02, 4.47, 4.03, 3.86, 4.29, 3.46, 0.0, 2.7, 2.74, 2.79, 2.67, 2.95, 2.46, 1.04, 1.13, 1.24, 1.41, 2.19, 1.39, 2.98, 3.2, 3.27, 3.16, 2.77, 1.67, 1.44, 1.69, 0.78, 1.48, 1.01, 1.75, 2.24, 2.29, 2.73, 1.93, 1.81, 2.3, 2.3, 2.8, 4.25, 2.98, 3.0, 2.62, 3.51, 3.05, 2.77, 2.63, 2.99, 2.8, 2.72, 4.27, 4.63, 4.76, 5.74, 6.26, 6.75, 5.9, 6.36, 6.58, 5.36, 6.58, 5.9, 6.47, 6.41, 7.06, 6.73, 6.7, 7.23, 6.71, 6.96, 6.88, 6.72, 8.86, 9.13, 11.57, 12.13, 12.13, 11.42, 13.01, 12.66, 10.82, 9.08, 8.14, 6.26, 5.83, 6.02, 8.63, 8.48, 8.88, 8.85, 9.19, 8.97, 9.59, 12.1, 10.74, 11.84, 11.02, 10.05, 10.11, 10.09, 10.18, 11.46, 11.93, 12.2, 12.15, 10.66, 10.94, 12.31, 12.03, 11.7, 11.93, 11.62, 11.87, 11.66, 12.25, 12.64, 13.58, 13.02, 12.69, 12.73, 12.71, 12.92, 14.19, 13.35, 13.54, 14.47, 14.76, 14.49, 13.59, 13.85, 12.94, 12.89, 13.22, 12.64, 10.54, 10.67, 10.96, 9.92, 8.35, 7.6, 7.32, 7.98, 7.01, 6.15, 6.58, 6.67, 6.77, 7.08, 7.46, 7.0, 7.33, 6.82, 6.45, 5.67, 4.34, 4.77, 3.89, 3.15, 3.3, 4.6, 4.02, 3.43, 3.43, 3.06, 3.18, 2.97, 2.27, 4.46, 4.89, 1.51, 2.51, 0.0, 4.36, 2.26, 1.58, 0.27, 0.49, 0.0, 5.55, 5.14, 6.54, 6.51, 7.44, 9.69, 7.84, 8.59, 8.49, 4.55, 2.66, 2.72, 0.0, 0.0, 0.0, 0.0, 0.0, 0.0, 0.0, 0.0, 0.0, 0.0, 0.0, 0.0, 0.0, 0.0, 0.0, 0.0, 0.0, 0.0, 0.0, 0.0, 0.0, 0.0, 0.0, 0.0, 0.0, 0.0, 0.0, 0.0, 0.0, 0.0, 0.0, 0.0, 0.0, 0.0, 0.0, 0.0, 0.0, 0.0, 0.0, 0.0, 0.0, 0.0, 0.0, 0.0, 0.0, 0.0, 0.0, 0.0, 0.0, 0.0, 0.0, 0.24, 0.0, 0.0, 0.0, 0.0, 0.0, 0.0, 0.0, 0.0, 0.0, 0.0, 0.0, 0.0, 0.0, 0.0, 0.73, 0.0, 0.0, 0.05, 0.0, 0.87, 0.0, 0.0]",7.529999999999999,5686.33
17,0.9,"[15.19, 14.07, 15.02, 15.22, 15.51, 15.77, 15.56, 15.51, 14.81, 11.19, 13.87, 14.49, 16.89, 16.78, 17.82, 18.46, 18.34, 17.82, 18.33, 18.66, 19.26, 20.73, 20.7, 20.94, 20.24, 18.97, 16.31, 13.14, 11.44, 11.23, 15.77, 16.91, 17.03, 18.28, 18.61, 18.82, 17.63, 16.72, 15.51, 15.19, 14.86, 14.32, 15.5, 16.55, 17.08, 16.44, 15.62, 15.67, 15.61, 15.77, 16.64, 15.25, 14.46, 14.72, 14.62, 13.61, 13.51, 14.04, 12.72, 11.55, 13.94, 12.12, 8.21, 6.69, 7.12, 7.07, 6.32, 5.84, 5.14, 5.07, 5.1, 5.17, 6.73, 7.4, 7.34, 7.18, 6.2, 7.22, 7.23, 7.51, 7.79, 6.67, 5.05, 5.34, 6.05, 6.19, 6.0, 5.73, 5.64, 5.36, 5.08, 5.39, 3.69, 3.6, 7.08, 7.42, 7.09, 7.76, 7.16, 7.5, 7.44, 9.67, 15.47, 15.12, 16.08, 3.98, 4.86, 5.39, 6.33, 7.94, 8.88, 8.83, 8.65, 8.68, 8.33, 13.91, 13.79, 14.34, 14.96, 15.55, 15.7, 15.3, 14.73, 11.93, 11.14, 11.14, 11.18, 10.38, 9.68, 9.19, 8.76, 8.86, 9.57, 6.96, 6.55, 8.25, 16.17, 17.57, 18.34, 16.58, 18.85, 18.74, 20.96, 18.99, 20.17, 20.19, 20.78, 20.97, 21.15, 21.42, 22.07, 21.12, 17.57, 17.12, 19.38, 18.3, 17.69, 18.58, 19.84, 20.73, 21.11, 17.06, 18.49, 18.13, 19.21, 17.44, 17.02, 17.39, 17.47, 15.08, 13.84, 17.19, 17.16, 18.18, 21.19, 23.61, 24.6, 26.17, 25.04, 22.43, 22.41, 24.31, 24.25, 25.01, 25.71, 25.22, 25.38, 24.97, 29.71, 30.81, 31.85, 33.53, 35.02, 34.64, 37.18, 35.3, 40.11, 38.74, 36.15, 37.18, 37.47, 34.25, 33.07, 33.46, 36.23, 35.64, 33.1, 33.31, 32.07, 30.62, 33.18, 35.58, 34.21, 32.15, 32.3, 33.63, 33.2, 32.63, 32.22, 30.03, 30.56, 33.07, 29.21, 29.3, 27.03, 25.8, 22.52, 23.38, 23.18, 20.16, 19.02, 13.11, 14.09, 11.94, 8.65, 5.3, 2.99, 1.17, 2.82, 2.23, 2.67, 2.58, 5.67, 6.14, 5.64, 6.41, 6.42, 6.48, 5.9, 2.6, 2.51, 2.58, 0.38, 0.0, 0.0, 0.0, 0.0, 0.0, 0.0, 0.0, 0.06, 1.05, 0.0, 0.7, 0.0, 0.0, 0.0, 0.0, 0.0, 0.0, 0.0, 1.13, 0.44, 0.0, 0.0, 0.52, 1.21, 1.21, 0.64, 0.31, 0.64, 3.22, 3.76, 4.85, 3.83, 2.86, 2.84, 3.5, 2.07, 1.73, 2.08, 2.01, 1.44, 1.07, 1.17, 1.24, 0.99, 0.98, 0.59, 0.11, 0.32, 0.24, 0.0, 0.55, 0.42, 0.15, 0.0, 0.0, 0.0, 0.0, 0.0, 0.0, 0.0, 0.0, 0.0, 0.0, 0.0, 0.0, 0.0, 0.0, 0.0, 0.0, 0.0, 0.0, 0.13, 0.31, 0.28, 1.3, 2.36, 2.78, 3.08, 2.37, 3.37, 2.6, 2.33, 2.83, 2.54, 3.87, 3.19, 3.34, 3.43, 3.56, 4.59, 3.65, 2.98, 3.05, 5.66, 5.83, 5.64, 6.48, 6.41, 6.38, 6.86, 6.87, 7.15, 5.18, 4.34, 3.39, 3.54, 3.58, 4.06, 3.68, 3.22, 2.06, 1.59, 0.88, 3.9, 4.18, 3.53, 3.62, 3.23, 3.35, 2.85, 2.79, 3.05, 3.65, 2.8, 3.32, 2.99, 2.2, 1.56, 1.8, 0.93, 0.45, 0.57, 0.0, 4.49, 4.33, 4.28, 4.55, 4.71, 5.02, 4.47, 4.03, 3.86, 4.29, 3.46, 0.0, 2.7, 2.74, 2.79, 2.67, 2.95, 2.46, 1.04, 1.13, 1.24, 1.41, 2.19, 1.39, 2.98, 3.2, 3.27, 3.16, 2.77, 1.67, 1.44, 1.69, 0.78, 1.48, 1.01, 1.75, 2.24, 2.29, 2.73, 1.93, 1.81, 2.3, 2.3, 2.8, 4.25, 2.98, 3.0, 2.62, 3.51, 3.05, 2.77, 2.63, 2.99, 2.8, 2.72, 4.27, 4.63, 4.76, 5.74, 6.26, 6.75, 5.9, 6.36, 6.58, 5.36, 6.58, 5.9, 6.47, 6.41, 7.06, 6.73, 6.7, 7.23, 6.71, 6.96, 6.88, 6.72, 8.86, 9.13, 11.57, 12.13, 12.13, 11.42, 13.01, 12.66, 10.82, 9.08, 8.14, 6.26, 5.83, 6.02, 8.63, 8.48, 8.88, 8.85, 9.19, 8.97, 9.59, 12.1, 10.74, 11.84, 11.02, 10.05, 10.11, 10.09, 10.18, 11.46, 11.93, 12.2, 12.15, 10.66, 10.94, 12.31, 12.03, 11.7, 11.93, 11.62, 11.87, 11.66, 12.25, 12.64, 13.58, 13.02, 12.69, 12.73, 12.71, 12.92, 14.19, 13.35, 13.54, 14.47, 14.76, 14.49, 13.59, 13.85, 12.94, 12.89, 13.22, 12.64, 10.54, 10.67, 10.96, 9.92, 8.35, 7.6, 7.32, 7.98, 7.01, 6.15, 6.58, 6.67, 6.77, 7.08, 7.46, 7.0, 7.33, 6.82, 6.45, 5.67, 4.34, 4.77, 3.89, 3.15, 3.3, 4.6, 4.02, 3.43, 3.43, 3.06, 3.18, 2.97, 2.27, 4.46, 4.89, 1.51, 2.51, 0.0, 4.36, 2.26, 1.58, 0.27, 0.49, 0.0, 5.55, 5.14, 6.54, 6.51, 7.44, 9.69, 7.84, 8.59, 8.49, 4.55, 2.66, 2.72, 0.0, 0.0, 0.0, 0.0, 0.0, 0.0, 0.0, 0.0, 0.0, 0.0, 0.0, 0.0, 0.0, 0.0, 0.0, 0.0, 0.0, 0.0, 0.0, 0.0, 0.0, 0.0, 0.0, 0.0, 0.0, 0.0, 0.0, 0.0, 0.0, 0.0, 0.0, 0.0, 0.0, 0.0, 0.0, 0.0, 0.0, 0.0, 0.0, 0.0, 0.0, 0.0, 0.0, 0.0, 0.0, 0.0, 0.0, 0.0, 0.0, 0.0, 0.0, 0.24, 0.0, 0.0, 0.0, 0.0, 0.0, 0.0, 0.0, 0.0, 0.0, 0.0, 0.0, 0.0, 0.0, 0.0, 0.73, 0.0, 0.0, 0.05, 0.0, 0.87, 0.0, 0.0]",7.529999999999999,5686.33
18,0.95,"[15.19, 14.07, 15.02, 15.22, 15.51, 15.77, 15.56, 15.51, 14.81, 11.19, 13.87, 14.49, 16.89, 16.78, 17.82, 18.46, 18.34, 17.82, 18.33, 18.66, 19.26, 20.73, 20.7, 20.94, 20.24, 18.97, 16.31, 13.14, 11.44, 11.23, 15.77, 16.91, 17.03, 18.28, 18.61, 18.82, 17.63, 16.72, 15.51, 15.19, 14.86, 14.32, 15.5, 16.55, 17.08, 16.44, 15.62, 15.67, 15.61, 15.77, 16.64, 15.25, 14.46, 14.72, 14.62, 13.61, 13.51, 14.04, 12.72, 11.55, 13.94, 12.12, 8.21, 6.69, 7.12, 7.07, 6.32, 5.84, 5.14, 5.07, 5.1, 5.17, 6.73, 7.4, 7.34, 7.18, 6.2, 7.22, 7.23, 7.51, 7.79, 6.67, 5.05, 5.34, 6.05, 6.19, 6.0, 5.73, 5.64, 5.36, 5.08, 5.39, 3.69, 3.6, 7.08, 7.42, 7.09, 7.76, 7.16, 7.5, 7.44, 9.67, 15.47, 15.12, 16.08, 3.98, 4.86, 5.39, 6.33, 7.94, 8.88, 8.83, 8.65, 8.68, 8.33, 13.91, 13.79, 14.34, 14.96, 15.55, 15.7, 15.3, 14.73, 11.93, 11.14, 11.14, 11.18, 10.38, 9.68, 9.19, 8.76, 8.86, 9.57, 6.96, 6.55, 8.25, 16.17, 17.57, 18.34, 16.58, 18.85, 18.74, 20.96, 18.99, 20.17, 20.19, 20.78, 20.97, 21.15, 21.42, 22.07, 21.12, 17.57, 17.12, 19.38, 18.3, 17.69, 18.58, 19.84, 20.73, 21.11, 17.06, 18.49, 18.13, 19.21, 17.44, 17.02, 17.39, 17.47, 15.08, 13.84, 17.19, 17.16, 18.18, 21.19, 23.61, 24.6, 26.17, 25.04, 22.43, 22.41, 24.31, 24.25, 25.01, 25.71, 25.22, 25.38, 24.97, 29.71, 30.81, 31.85, 33.53, 35.02, 34.64, 37.18, 35.3, 40.11, 38.74, 36.15, 37.18, 37.47, 34.25, 33.07, 33.46, 36.23, 35.64, 33.1, 33.31, 32.07, 30.62, 33.18, 35.58, 34.21, 32.15, 32.3, 33.63, 33.2, 32.63, 32.22, 30.03, 30.56, 33.07, 29.21, 29.3, 27.03, 25.8, 22.52, 23.38, 23.18, 20.16, 19.02, 13.11, 14.09, 11.94, 8.65, 5.3, 2.99, 1.17, 2.82, 2.23, 2.67, 2.58, 5.67, 6.14, 5.64, 6.41, 6.42, 6.48, 5.9, 2.6, 2.51, 2.58, 0.38, 0.0, 0.0, 0.0, 0.0, 0.0, 0.0, 0.0, 0.06, 1.05, 0.0, 0.7, 0.0, 0.0, 0.0, 0.0, 0.0, 0.0, 0.0, 1.13, 0.44, 0.0, 0.0, 0.52, 1.21, 1.21, 0.64, 0.31, 0.64, 3.22, 3.76, 4.85, 3.83, 2.86, 2.84, 3.5, 2.07, 1.73, 2.08, 2.01, 1.44, 1.07, 1.17, 1.24, 0.99, 0.98, 0.59, 0.11, 0.32, 0.24, 0.0, 0.55, 0.42, 0.15, 0.0, 0.0, 0.0, 0.0, 0.0, 0.0, 0.0, 0.0, 0.0, 0.0, 0.0, 0.0, 0.0, 0.0, 0.0, 0.0, 0.0, 0.0, 0.13, 0.31, 0.28, 1.3, 2.36, 2.78, 3.08, 2.37, 3.37, 2.6, 2.33, 2.83, 2.54, 3.87, 3.19, 3.34, 3.43, 3.56, 4.59, 3.65, 2.98, 3.05, 5.66, 5.83, 5.64, 6.48, 6.41, 6.38, 6.86, 6.87, 7.15, 5.18, 4.34, 3.39, 3.54, 3.58, 4.06, 3.68, 3.22, 2.06, 1.59, 0.88, 3.9, 4.18, 3.53, 3.62, 3.23, 3.35, 2.85, 2.79, 3.05, 3.65, 2.8, 3.32, 2.99, 2.2, 1.56, 1.8, 0.93, 0.45, 0.57, 0.0, 4.49, 4.33, 4.28, 4.55, 4.71, 5.02, 4.47, 4.03, 3.86, 4.29, 3.46, 0.0, 2.7, 2.74, 2.79, 2.67, 2.95, 2.46, 1.04, 1.13, 1.24, 1.41, 2.19, 1.39, 2.98, 3.2, 3.27, 3.16, 2.77, 1.67, 1.44, 1.69, 0.78, 1.48, 1.01, 1.75, 2.24, 2.29, 2.73, 1.93, 1.81, 2.3, 2.3, 2.8, 4.25, 2.98, 3.0, 2.62, 3.51, 3.05, 2.77, 2.63, 2.99, 2.8, 2.72, 4.27, 4.63, 4.76, 5.74, 6.26, 6.75, 5.9, 6.36, 6.58, 5.36, 6.58, 5.9, 6.47, 6.41, 7.06, 6.73, 6.7, 7.23, 6.71, 6.96, 6.88, 6.72, 8.86, 9.13, 11.57, 12.13, 12.13, 11.42, 13.01, 12.66, 10.82, 9.08, 8.14, 6.26, 5.83, 6.02, 8.63, 8.48, 8.88, 8.85, 9.19, 8.97, 9.59, 12.1, 10.74, 11.84, 11.02, 10.05, 10.11, 10.09, 10.18, 11.46, 11.93, 12.2, 12.15, 10.66, 10.94, 12.31, 12.03, 11.7, 11.93, 11.62, 11.87, 11.66, 12.25, 12.64, 13.58, 13.02, 12.69, 12.73, 12.71, 12.92, 14.19, 13.35, 13.54, 14.47, 14.76, 14.49, 13.59, 13.85, 12.94, 12.89, 13.22, 12.64, 10.54, 10.67, 10.96, 9.92, 8.35, 7.6, 7.32, 7.98, 7.01, 6.15, 6.58, 6.67, 6.77, 7.08, 7.46, 7.0, 7.33, 6.82, 6.45, 5.67, 4.34, 4.77, 3.89, 3.15, 3.3, 4.6, 4.02, 3.43, 3.43, 3.06, 3.18, 2.97, 2.27, 4.46, 4.89, 1.51, 2.51, 0.0, 4.36, 2.26, 1.58, 0.27, 0.49, 0.0, 5.55, 5.14, 6.54, 6.51, 7.44, 9.69, 7.84, 8.59, 8.49, 4.55, 2.66, 2.72, 0.0, 0.0, 0.0, 0.0, 0.0, 0.0, 0.0, 0.0, 0.0, 0.0, 0.0, 0.0, 0.0, 0.0, 0.0, 0.0, 0.0, 0.0, 0.0, 0.0, 0.0, 0.0, 0.0, 0.0, 0.0, 0.0, 0.0, 0.0, 0.0, 0.0, 0.0, 0.0, 0.0, 0.0, 0.0, 0.0, 0.0, 0.0, 0.0, 0.0, 0.0, 0.0, 0.0, 0.0, 0.0, 0.0, 0.0, 0.0, 0.0, 0.0, 0.0, 0.24, 0.0, 0.0, 0.0, 0.0, 0.0, 0.0, 0.0, 0.0, 0.0, 0.0, 0.0, 0.0, 0.0, 0.0, 0.73, 0.0, 0.0, 0.05, 0.0, 0.87, 0.0, 0.0]",7.529999999999999,5686.33
